id,日時,予測値_PV,PV発電量,買電量,予測値_demand,battery状態,SOC,充電可能量,放電可能量,残電力量,SOC_増減,充電量可能量_増減,放電可能量_増減,残電力量_増減,充放電指示量,EQ動作状態,沸き上げ自動設定,沸き上げ中状態,ｴﾈﾙｷﾞｰｼﾌﾄ参加状態,沸き上げ開始基準時刻,ｴﾈﾙｷﾞｰｼﾌﾄ参回数,昼間沸き上げｼﾌﾄ時刻1,EQ指示時刻,ｴｱｺﾝ状態,ｴｱｺﾝmode,ｴｱｺﾝ設定温度,ｴｱｺﾝ指示量,気温,湿度,温度計_残電池
1,2022-01-11 09:30:00,,,,,,,,,,,,,,,ON,Automatic water heating function used,Heating,,,,,,,,,,,,
2,2022-01-11 10:00:00,,,,,,,,,,,,,,,ON,Automatic water heating function used,Heating,,,,,,,,,,,,
3,2022-01-11 10:30:00,,,,,,,,,,,,,,,ON,Automatic water heating function used,Heating,,,,,,,,,,,,
4,2022-01-11 11:00:00,,,,,,,,,,,,,,,ON,Automatic water heating function used,Heating,,,,,,,,,,,,
5,2022-01-11 12:00:00,0.255,,,,,,,,,,,,,,ON,Automatic water heating function used,Heating,,,,,,,,,,,,
6,2022-01-11 12:30:00,0.255,,,,,,,,,,,,,,ON,Automatic water heating function used,Heating,,,,,,,,,,,,
7,2022-01-11 13:00:00,0.25,,,,,,,,,,,,,,ON,Automatic water heating function used,Heating,,,,,,,,,,,,
8,2022-01-11 13:30:00,0.165,,,,,,,,,,,,,,ON,Automatic water heating function used,Heating,,,,,,,,,,,,
9,2022-01-11 14:00:00,0.125,,,,,,,,,,,,,,,,,,,,,,,,,,,,
10,2022-01-11 14:30:00,0.09,,,,,,,,,,,,,,ON,Automatic water heating function used,Heating,,,,,,,,,,,,
11,2022-01-11 15:00:00,0.085,,,,,,,,,,,,,,ON,Automatic water heating function used,Heating,,,,,,,,,,,,
12,2022-01-11 15:30:00,0.07,,,,,,,,,,,,,,ON,Automatic water heating function used,Heating,,,,,,,,,,,,
13,2022-01-11 16:00:00,0.045,,,,,,,,,,,,,,ON,Automatic water heating function used,Heating,,,,,,,,,,,,
14,2022-01-11 16:30:00,0.03,,,,,,,,,,,,,,,,,,,,,,,,,,,,
15,2022-01-11 17:00:00,0.0,,,,,,,,,,,,,,ON,Automatic water heating function used,Heating,,,,,,,,,,,,
16,2022-01-11 17:30:00,0.0,,,,,,,,,,,,,,ON,Automatic water heating function used,Heating,,,,,,,,,,,,
17,2022-01-11 18:00:00,0.0,,,,,,,,,,,,,,ON,Automatic water heating function used,Heating,,,,,,,,,,,,
18,2022-01-11 18:30:00,0.0,,,,,,,,,,,,,,ON,Automatic water heating function used,Heating,,,,,,,,,,,,
19,2022-01-11 19:00:00,0.0,,,,,,,,,,,,,,,,,,,,,,,,,,,,
20,2022-01-11 19:30:00,0.0,,,,,,,,,,,,,,ON,Automatic water heating function used,Heating,,,,,,,,,,,,
21,2022-01-11 20:00:00,0.0,,,,,,,,,,,,,,ON,Automatic water heating function used,Heating,,,,,,,,,,,,
22,2022-01-11 20:30:00,0.0,,,,,,,,,,,,,,ON,Automatic water heating function used,Heating,,,,,,,,,,,,
23,2022-01-11 21:00:00,0.0,,,,,,,,,,,,,,ON,Automatic water heating function used,Heating,,,,,,,,,,,,
24,2022-01-11 21:30:00,0.0,,,,,,,,,,,,,,,,,,,,,,,,,,,,
25,2022-01-11 22:00:00,0.0,,,,,,,,,,,,,,ON,Automatic water heating function used,Heating,,,,,,,,,,,,
26,2022-01-11 22:30:00,0.0,,,,,,,,,,,,,,ON,Automatic water heating function used,Heating,,,,,,,,,,,,
27,2022-01-11 23:00:00,0.0,,,,,,,,,,,,,,ON,Automatic water heating function used,Heating,,,,,,,,,,,,
28,2022-01-11 23:30:00,0.0,,,,,,,,,,,,,,ON,Automatic water heating function used,Heating,,,,,,,,,,,,
29,2022-01-12 00:00:00,0.0,,,,,,,,,,,,,,,,,,,,,,,,,,,,
30,2022-01-12 00:30:00,0.0,,,,,,,,,,,,,,ON,Automatic water heating function used,Heating,,,,,,,,,,,,
31,2022-01-12 01:00:00,0.0,,,,,,,,,,,,,,ON,Automatic water heating function used,Heating,,,,,,,,,,,,
32,2022-01-12 01:30:00,0.0,,,,,,,,,,,,,,ON,Automatic water heating function used,Heating,,,,,,,,,,,,
33,2022-01-12 02:00:00,0.0,,,,,,,,,,,,,,ON,Automatic water heating function used,Heating,,,,,,,,,,,,
34,2022-01-12 02:30:00,0.0,,,,,,,,,,,,,,,,,,,,,,,,,,,,
35,2022-01-12 03:00:00,0.0,,,,,,,,,,,,,,ON,Automatic water heating function used,Heating,,,,,,,,,,,,
36,2022-01-12 03:30:00,0.0,,,,,,,,,,,,,,ON,Automatic water heating function used,Heating,,,,,,,,,,,,
37,2022-01-12 04:00:00,0.0,,,,,,,,,,,,,,ON,Automatic water heating function used,Heating,,,,,,,,,,,,
38,2022-01-12 04:30:00,0.0,,,,,,,,,,,,,,ON,Automatic water heating function used,Heating,,,,,,,,,,,,
39,2022-01-12 05:00:00,0.0,,,,,,,,,,,,,,,,,,,,,,,,,,,,
40,2022-01-12 05:30:00,0.0,,,,,,,,,,,,,,ON,Automatic water heating function used,Heating,,,,,,,,,,,,
41,2022-01-12 06:00:00,0.0,,,,,,,,,,,,,,ON,Automatic water heating function used,Heating,,,,,,,,,,,,
42,2022-01-12 06:30:00,0.0,,,,,,,,,,,,,,ON,Automatic water heating function used,Heating,,,,,,,,,,,,
43,2022-01-12 07:00:00,0.0,,,,,,,,,,,,,,ON,Automatic water heating function used,Heating,,,,,,,,,,,,
44,2022-01-12 07:30:00,0.07,,,,,,,,,,,,,,,,,,,,,,,,,,,,
45,2022-01-12 08:00:00,0.105,,,,,,,,,,,,,,ON,Automatic water heating function used,Heating,,,,,,,,,,,,
46,2022-01-12 08:30:00,0.195,,,,,,,,,,,,,,ON,Automatic water heating function used,Heating,,,,,,,,,,,,
47,2022-01-12 09:00:00,0.37,,,,,,,,,,,,,,ON,Automatic water heating function used,Heating,,,,,,,,,,,,
48,2022-01-12 09:30:00,0.445,,,,,,,,,,,,,,ON,Automatic water heating function used,Heating,,,,,,,,,,,,
49,2022-01-12 10:00:00,0.6,,,,,,,,,,,,,,,,,,,,,,,,,,,,
50,2022-01-12 10:30:00,0.65,,,,,,,,,,,,,,ON,Automatic water heating function used,Heating,,,,,,,,,,,,
51,2022-01-12 11:00:00,0.755,,,,,,,,,,,,,,ON,Automatic water heating function used,Heating,,,,,,,,,,,,
52,2022-01-12 11:30:00,0.775,,,,,,,,,,,,,,ON,Automatic water heating function used,Heating,,,,,,,,,,,,
53,2022-01-12 12:00:00,0.825,,,,,,,,,,,,,,ON,Automatic water heating function used,Heating,,,,,,,,,,,,
54,2022-01-12 12:30:00,0.82,,,,,,,,,,,,,,,,,,,,,,,,,,,,
55,2022-01-12 13:00:00,0.805,,,,,,,,,,,,,,ON,Automatic water heating function used,Heating,,,,,,,,,,,,
56,2022-01-12 13:30:00,0.77,,,,,,,,,,,,,,ON,Automatic water heating function used,Heating,,,,,,,,,,,,
57,2022-01-12 14:00:00,0.7,,,,,,,,,,,,,,ON,Automatic water heating function used,Heating,,,,,,,,,,,,
58,2022-01-12 14:30:00,0.64,,,,,,,,,,,,,,ON,Automatic water heating function used,Heating,,,,,,,,,,,,
59,2022-01-12 15:00:00,0.515,,,,,,,,,,,,,,,,,,,,,,,,,,,,
60,2022-01-12 15:30:00,0.355,,,,,,,,,,,,,,ON,Automatic water heating function used,Heating,,,,,,,,,,,,
61,2022-01-12 16:00:00,0.275,,,,,,,,,,,,,,ON,Automatic water heating function used,Heating,,,,,,,,,,,,
62,2022-01-12 16:30:00,0.12,,,,,,,,,,,,,,ON,Automatic water heating function used,Heating,,,,,,,,,,,,
63,2022-01-12 17:00:00,0.04,,,,,,,,,,,,,,ON,Automatic water heating function used,Heating,,,,,,,,,,,,
64,2022-01-12 17:30:00,0.015,,,,,,,,,,,,,,,,,,,,,,,,,,,,
65,2022-01-12 18:00:00,0.0,,,,,,,,,,,,,,ON,Automatic water heating function used,Heating,,,,,,,,,,,,
66,2022-01-12 18:30:00,0.0,,,,,,,,,,,,,,ON,Automatic water heating function used,Heating,,,,,,,,,,,,
67,2022-01-12 19:00:00,0.0,,,,,,,,,,,,,,ON,Automatic water heating function used,Heating,,,,,,,,,,,,
68,2022-01-12 19:30:00,0.0,,,,,,,,,,,,,,ON,Automatic water heating function used,Heating,,,,,,,,,,,,
69,2022-01-12 20:00:00,0.0,,,,,,,,,,,,,,,,,,,,,,,,,,,,
70,2022-01-12 20:30:00,0.0,,,,,,,,,,,,,,ON,Automatic water heating function used,Heating,,,,,,,,,,,,
71,2022-01-12 21:00:00,0.0,,,,,,,,,,,,,,,,,,,,,,,,,,,,
72,2022-01-12 21:30:00,0.0,,,,,,,,,,,,,,,,,,,,,,,,,,,,
73,2022-01-12 22:00:00,0.0,,,,,,,,,,,,,,,,,,,,,,,,,,,,
74,2022-01-12 22:30:00,0.0,,,,,,,,,,,,,,,,,,,,,,,,,,,,
75,2022-01-12 23:00:00,0.0,,,,,,,,,,,,,,,,,,,,,,,,,,,,
76,2022-01-12 23:30:00,0.0,,,,,,,,,,,,,,,,,,,,,,,,,,,,
77,2022-01-13 00:00:00,0.0,,,,,,,,,,,,,,,,,,,,,,,,,,,,
226,2022-01-13 00:30:00,0.0,,,,,,,,,,,,,,,,,,,,,,,,,,,,
227,2022-01-13 01:00:00,0.0,,,,,,,,,,,,,,ON,Automatic water heating function used,Heating,,,,,,,,,,,,
228,2022-01-13 01:30:00,0.0,,,,,,,,,,,,,,ON,Automatic water heating function used,Heating,,,,,,,,,,,,
229,2022-01-13 02:00:00,0.0,,,,,,,,,,,,,,ON,Automatic water heating function used,Heating,,,,,,,,,,,,
230,2022-01-13 02:30:00,0.0,,,,,,,,,,,,,,ON,Automatic water heating function used,Heating,,,,,,,,,,,,
231,2022-01-13 03:00:00,0.0,,,,,,,,,,,,,,,,,,,,,,,,,,,,
306,2022-01-13 03:30:00,0.0,,,,,,,,,,,,,,ON,Automatic water heating function used,Heating,,,,,,,,,,,,
307,2022-01-13 04:00:00,0.0,,,,,,,,,,,,,,ON,Automatic water heating function used,Heating,,,,,,,,,,,,
308,2022-01-13 04:30:00,0.0,,,,,,,,,,,,,,ON,Automatic water heating function used,Heating,,,,,,,,,,,,
309,2022-01-13 05:00:00,0.0,,,,,,,,,,,,,,ON,Automatic water heating function used,Heating,,,,,,,,,,,,
310,2022-01-13 05:30:00,0.0,,,,,,,,,,,,,,,,,,,,,,,,,,,,
311,2022-01-13 06:00:00,0.0,,,,,,,,,,,,,,ON,Automatic water heating function used,Heating,,,,,,,,,,,,
384,2022-01-13 06:30:00,0.0,,,,,,,,,,,,,,ON,Automatic water heating function used,Heating,,,,,,,,,,,,
385,2022-01-13 07:00:00,0.0,,,,,,,,,,,,,,ON,Automatic water heating function used,Heating,,,,,,,,,,,,
386,2022-01-13 07:30:00,0.025,,,,,,,,,,,,,,ON,Automatic water heating function used,Heating,,,,,,,,,,,,
387,2022-01-13 08:00:00,0.075,,,,,,,,,,,,,,,,,,,,,,,,,,,,
388,2022-01-13 08:30:00,0.145,,,,,,,,,,,,,,ON,Automatic water heating function used,Heating,,,,,,,,,,,,
389,2022-01-13 09:00:00,0.26,,,,,,,,,,,,,,ON,Automatic water heating function used,Heating,,,,,,,,,,,,
462,2022-01-13 09:30:00,0.36,,,,,,,,,,,,,,ON,Automatic water heating function used,Heating,,,,,,,,,,,,
463,2022-01-13 10:00:00,0.56,,,,,,,,,,,,,,ON,Automatic water heating function used,Heating,,,,,,,,,,,,
464,2022-01-13 10:30:00,0.605,,,,,,,,,,,,,,,,,,,,,,,,,,,,
465,2022-01-13 11:00:00,0.695,,,,,,,,,,,,,,ON,Automatic water heating function used,Heating,,,,,,,,,,,,
466,2022-01-13 11:30:00,0.73,,,,,,,,,,,,,,,,,,,,,,,,,,,,
467,2022-01-13 12:00:00,0.755,,,,,,,,,,,,,,,,,,,,,,,,,,,,
539,2022-01-13 12:30:00,0.765,,,,,,,,,,,,,,,,,,,,,,,,,,,,
540,2022-01-13 13:00:00,0.785,,,,,,,,,,,,,,,,,,,,,,,,,,,,
541,2022-01-13 13:30:00,0.755,,,,,,,,,,,,,,,,,,,,,,,,,,,,
542,2022-01-13 14:00:00,0.69,,,,,,,,,,,,,,ON,Automatic water heating function used,Heating,,,,,,,,,,,,
543,2022-01-13 14:30:00,0.625,,,,,,,,,,,,,,ON,Automatic water heating function used,Heating,,,,,,,,,,,,
544,2022-01-13 15:00:00,0.48,,,,,,,,,,,,,,ON,Automatic water heating function used,Heating,,,,,,,,,,,,
617,2022-01-13 15:30:00,0.33,,,,,,,,,,,,,,,,,,,,,,,,,,,,
618,2022-01-13 16:00:00,0.26,,,,,,,,,,,,,,ON,Automatic water heating function used,Heating,,,,,,,,,,,,
619,2022-01-13 16:30:00,0.115,,,,,,,,,,,,,,ON,Automatic water heating function used,Heating,,,,,,,,,,,,
620,2022-01-13 17:00:00,0.04,,,,,,,,,,,,,,ON,Automatic water heating function used,Heating,,,,,,,,,,,,
621,2022-01-13 17:30:00,0.015,,,,,,,,,,,,,,ON,Automatic water heating function used,Heating,,,,,,,,,,,,
622,2022-01-13 18:00:00,0.0,,,,,,,,,,,,,,,,,,,,,,,,,,,,
695,2022-01-13 18:30:00,0.0,,,,,,,,,,,,,,ON,Automatic water heating function used,Heating,,,,,,,,,,,,
696,2022-01-13 19:00:00,0.0,,,,,,,,,,,,,,ON,Automatic water heating function used,Heating,,,,,,,,,,,,
697,2022-01-13 19:30:00,0.0,,,,,,,,,,,,,,ON,Automatic water heating function used,Heating,,,,,,,,,,,,
698,2022-01-13 20:00:00,0.0,,,,,,,,,,,,,,ON,Automatic water heating function used,Heating,,,,,,,,,,,,
699,2022-01-13 20:30:00,0.0,,,,,,,,,,,,,,,,,,,,,,,,,,,,
700,2022-01-13 21:00:00,0.0,,,,,,,,,,,,,,ON,Automatic water heating function used,Heating,,,,,,,,,,,,
773,2022-01-13 21:30:00,0.0,,,,,,,,,,,,,,ON,Automatic water heating function used,Heating,,,,,,,,,,,,
774,2022-01-13 22:00:00,0.0,,,,,,,,,,,,,,ON,Automatic water heating function used,Heating,,,,,,,,,,,,
775,2022-01-13 22:30:00,0.0,,,,,,,,,,,,,,ON,Automatic water heating function used,Heating,,,,,,,,,,,,
776,2022-01-13 23:00:00,0.0,,,,,,,,,,,,,,,,,,,,,,,,,,,,
777,2022-01-13 23:30:00,0.0,,,,,,,,,,,,,,ON,Automatic water heating function used,Heating,,,,,,,,,,,,
778,2022-01-14 00:00:00,0.0,,,,,,,,,,,,,,ON,Automatic water heating function used,Heating,,,,,,,,,,,,
851,2022-01-14 00:30:00,0.0,,,,,,,,,,,,,,ON,Automatic water heating function used,Heating,,,,,,,,,,,,
852,2022-01-14 01:00:00,0.0,,,,,,,,,,,,,,ON,Automatic water heating function used,Heating,,,,,,,,,,,,
853,2022-01-14 01:30:00,0.0,,,,,,,,,,,,,,,,,,,,,,,,,,,,
854,2022-01-14 02:00:00,0.0,,,,,,,,,,,,,,ON,Automatic water heating function used,Heating,,,,,,,,,,,,
855,2022-01-14 02:30:00,0.0,,,,,,,,,,,,,,ON,Automatic water heating function used,Heating,,,,,,,,,,,,
856,2022-01-14 03:00:00,0.0,,,,,,,,,,,,,,ON,Automatic water heating function used,Heating,,,,,,,,,,,,
930,2022-01-14 03:30:00,0.0,,,,,,,,,,,,,,ON,Automatic water heating function used,Heating,,,,,,,,,,,,
931,2022-01-14 04:00:00,0.0,,,,,,,,,,,,,,,,,,,,,,,,,,,,
932,2022-01-14 04:30:00,0.0,,,,,,,,,,,,,,ON,Automatic water heating function used,Heating,,,,,,,,,,,,
933,2022-01-14 05:00:00,0.0,,,,,,,,,,,,,,ON,Automatic water heating function used,Heating,,,,,,,,,,,,
934,2022-01-14 05:30:00,0.0,,,,,,,,,,,,,,ON,Automatic water heating function used,Heating,,,,,,,,,,,,
935,2022-01-14 06:00:00,0.0,,,,,,,,,,,,,,ON,Automatic water heating function used,Heating,,,,,,,,,,,,
1009,2022-01-14 06:30:00,0.0,,,,,,,,,,,,,,,,,,,,,,,,,,,,
1010,2022-01-14 07:00:00,0.0,,,,,,,,,,,,,,ON,Automatic water heating function used,Heating,,,,,,,,,,,,
1011,2022-01-14 07:30:00,0.035,,,,,,,,,,,,,,ON,Automatic water heating function used,Heating,,,,,,,,,,,,
1012,2022-01-14 08:00:00,0.11,,,,,,,,,,,,,,ON,Automatic water heating function used,Heating,,,,,,,,,,,,
1013,2022-01-14 08:30:00,0.195,,,,,,,,,,,,,,ON,Automatic water heating function used,Heating,,,,,,,,,,,,
1014,2022-01-14 09:00:00,0.375,,,,,,,,,,,,,,,,,,,,,,,,,,,,
1088,2022-01-14 09:30:00,0.45,,,,,,,,,,,,,,ON,Automatic water heating function used,Heating,,,,,,,,,,,,
1089,2022-01-14 10:00:00,0.6,,,,,,,,,,,,,,ON,Automatic water heating function used,Heating,,,,,,,,,,,,
1090,2022-01-14 10:30:00,0.655,,,,,,,,,,,,,,ON,Automatic water heating function used,Heating,,,,,,,,,,,,
1091,2022-01-14 11:00:00,0.76,,,,,,,,,,,,,,ON,Automatic water heating function used,Heating,,,,,,,,,,,,
1092,2022-01-14 11:30:00,0.785,,,,,,,,,,,,,,,,,,,,,,,,,,,,
1093,2022-01-14 12:00:00,0.83,,,,,,,,,,,,,,ON,Automatic water heating function used,Heating,,,,,,,,,,,,
1166,2022-01-14 12:30:00,0.825,,,,,,,,,,,,,,ON,Automatic water heating function used,Heating,,,,,,,,,,,,
1167,2022-01-14 13:00:00,0.815,,,,,,,,,,,,,,ON,Automatic water heating function used,Heating,,,,,,,,,,,,
1168,2022-01-14 13:30:00,0.78,,,,,,,,,,,,,,ON,Automatic water heating function used,Heating,,,,,,,,,,,,
1169,2022-01-14 14:00:00,0.71,,,,,,,,,,,,,,,,,,,,,,,,,,,,
1170,2022-01-14 14:30:00,0.59,,,,,,,,,,,,,,ON,Automatic water heating function used,Heating,,,,,,,,,,,,
1171,2022-01-14 15:00:00,0.525,,,,,,,,,,,,,,ON,Automatic water heating function used,Heating,,,,,,,,,,,,
1243,2022-01-14 15:30:00,0.365,,,,,,,,,,,,,,ON,Automatic water heating function used,Heating,,,,,,,,,,,,
1244,2022-01-14 16:00:00,0.285,,,,,,,,,,,,,,ON,Automatic water heating function used,Heating,,,,,,,,,,,,
1245,2022-01-14 16:30:00,0.125,,,,,,,,,,,,,,,,,,,,,,,,,,,,
1246,2022-01-14 17:00:00,0.045,,,,,,,,,,,,,,ON,Automatic water heating function used,Heating,,,,,,,,,,,,
1247,2022-01-14 17:30:00,0.015,,,,,,,,,,,,,,ON,Automatic water heating function used,Heating,,,,,,,,,,,,
1248,2022-01-14 18:00:00,0.0,,,,,,,,,,,,,,ON,Automatic water heating function used,Heating,,,,,,,,,,,,
1322,2022-01-14 18:30:00,0.0,,,,,,,,,,,,,,ON,Automatic water heating function used,Heating,,,,,,,,,,,,
1323,2022-01-14 19:00:00,0.0,,,,,,,,,,,,,,,,,,,,,,,,,,,,
1324,2022-01-14 19:30:00,0.0,,,,,,,,,,,,,,ON,Automatic water heating function used,Heating,,,,,,,,,,,,
1325,2022-01-14 20:00:00,0.0,,,,,,,,,,,,,,ON,Automatic water heating function used,Heating,,,,,,,,,,,,
1326,2022-01-14 20:30:00,0.0,,,,,,,,,,,,,,ON,Automatic water heating function used,Heating,,,,,,,,,,,,
1327,2022-01-14 21:00:00,0.0,,,,,,,,,,,,,,ON,Automatic water heating function used,Heating,,,,,,,,,,,,
1400,2022-01-14 21:30:00,0.0,,,,,,,,,,,,,,,,,,,,,,,,,,,,
1401,2022-01-14 22:00:00,0.0,,,,,,,,,,,,,,ON,Automatic water heating function used,Heating,,,,,,,,,,,,
1402,2022-01-14 22:30:00,0.0,,,,,,,,,,,,,,ON,Automatic water heating function used,Heating,,,,,,,,,,,,
1403,2022-01-14 23:00:00,0.0,,,,,,,,,,,,,,ON,Automatic water heating function used,Heating,,,,,,,,,,,,
1404,2022-01-14 23:30:00,0.0,,,,,,,,,,,,,,ON,Automatic water heating function used,Heating,,,,,,,,,,,,
1405,2022-01-15 00:00:00,0.0,,,,,,,,,,,,,,,,,,,,,,,,,,,,
1475,2022-01-15 00:30:00,0.0,,,,,,,,,,,,,,ON,Automatic water heating function used,Heating,,,,,,,,,,,,
1476,2022-01-15 01:00:00,0.0,,,,,,,,,,,,,,ON,Automatic water heating function used,Heating,,,,,,,,,,,,
1477,2022-01-15 01:30:00,0.0,,,,,,,,,,,,,,ON,Automatic water heating function used,Heating,,,,,,,,,,,,
1478,2022-01-15 02:00:00,0.0,,,,,,,,,,,,,,ON,Automatic water heating function used,Heating,,,,,,,,,,,,
1479,2022-01-15 02:30:00,0.0,,,,,,,,,,,,,,,,,,,,,,,,,,,,
1480,2022-01-15 03:00:00,0.0,,,,,,,,,,,,,,ON,Automatic water heating function used,Heating,,,,,,,,,,,,
1554,2022-01-15 03:30:00,0.0,,,,,,,,,,,,,,ON,Automatic water heating function used,Heating,,,,,,,,,,,,
1555,2022-01-15 04:00:00,0.0,,,,,,,,,,,,,,ON,Automatic water heating function used,Heating,,,,,,,,,,,,
1556,2022-01-15 04:30:00,0.0,,,,,,,,,,,,,,ON,Automatic water heating function used,Heating,,,,,,,,,,,,
1557,2022-01-15 05:00:00,0.0,,,,,,,,,,,,,,,,,,,,,,,,,,,,
1558,2022-01-15 05:30:00,0.0,,,,,,,,,,,,,,ON,Automatic water heating function used,Heating,,,,,,,,,,,,
1559,2022-01-15 06:00:00,0.0,,,,,,,,,,,,,,ON,Automatic water heating function used,Heating,,,,,,,,,,,,
1631,2022-01-15 06:30:00,0.0,,,,,,,,,,,,,,ON,Automatic water heating function used,Heating,,,,,,,,,,,,
1632,2022-01-15 07:00:00,0.0,,,,,,,,,,,,,,ON,Automatic water heating function used,Heating,,,,,,,,,,,,
1633,2022-01-15 07:30:00,0.035,,,,,,,,,,,,,,,,,,,,,,,,,,,,
1634,2022-01-15 08:00:00,0.11,,,,,,,,,,,,,,ON,Automatic water heating function used,Heating,,,,,,,,,,,,
1635,2022-01-15 08:30:00,0.195,,,,,,,,,,,,,,ON,Automatic water heating function used,Heating,,,,,,,,,,,,
1636,2022-01-15 09:00:00,0.375,,,,,,,,,,,,,,ON,Automatic water heating function used,Heating,,,,,,,,,,,,
1709,2022-01-15 09:30:00,0.45,,,,,,,,,,,,,,ON,Automatic water heating function used,Heating,,,,,,,,,,,,
1710,2022-01-15 10:00:00,0.595,,,,,,,,,,,,,,,,,,,,,,,,,,,,
1711,2022-01-15 10:30:00,0.65,,,,,,,,,,,,,,ON,Automatic water heating function used,Heating,,,,,,,,,,,,
1712,2022-01-15 11:00:00,0.755,,,,,,,,,,,,,,ON,Automatic water heating function used,Heating,,,,,,,,,,,,
1713,2022-01-15 11:30:00,0.78,,,,,,,,,,,,,,ON,Automatic water heating function used,Heating,,,,,,,,,,,,
1714,2022-01-15 12:00:00,0.72,,,,,,,,,,,,,,ON,Automatic water heating function used,Heating,,,,,,,,,,,,
1787,2022-01-15 12:30:00,0.705,,,,,,,,,,,,,,,,,,,,,,,,,,,,
1788,2022-01-15 13:00:00,0.67,,,,,,,,,,,,,,ON,Automatic water heating function used,Heating,,,,,,,,,,,,
1789,2022-01-15 13:30:00,0.65,,,,,,,,,,,,,,ON,Automatic water heating function used,Heating,,,,,,,,,,,,
1790,2022-01-15 14:00:00,0.61,,,,,,,,,,,,,,ON,Automatic water heating function used,Heating,,,,,,,,,,,,
1791,2022-01-15 14:30:00,0.555,,,,,,,,,,,,,,ON,Automatic water heating function used,Heating,,,,,,,,,,,,
1792,2022-01-15 15:00:00,0.43,,,,,,,,,,,,,,,,,,,,,,,,,,,,
1865,2022-01-15 15:30:00,0.31,,,,,,,,,,,,,,ON,Automatic water heating function used,Heating,,,,,,,,,,,,
1866,2022-01-15 16:00:00,0.25,,,,,,,,,,,,,,ON,Automatic water heating function used,Heating,,,,,,,,,,,,
1867,2022-01-15 16:30:00,0.11,,,,,,,,,,,,,,ON,Automatic water heating function used,Heating,,,,,,,,,,,,
1868,2022-01-15 17:00:00,0.04,,,,,,,,,,,,,,ON,Automatic water heating function used,Heating,,,,,,,,,,,,
1869,2022-01-15 17:30:00,0.015,,,,,,,,,,,,,,,,,,,,,,,,,,,,
1870,2022-01-15 18:00:00,0.0,,,,,,,,,,,,,,ON,Automatic water heating function used,Heating,,,,,,,,,,,,
1943,2022-01-15 18:30:00,0.0,,,,,,,,,,,,,,ON,Automatic water heating function used,Heating,,,,,,,,,,,,
1944,2022-01-15 19:00:00,0.0,,,,,,,,,,,,,,ON,Automatic water heating function used,Heating,,,,,,,,,,,,
1945,2022-01-15 19:30:00,0.0,,,,,,,,,,,,,,ON,Automatic water heating function used,Heating,,,,,,,,,,,,
1946,2022-01-15 20:00:00,0.0,,,,,,,,,,,,,,,,,,,,,,,,,,,,
1947,2022-01-15 20:30:00,0.0,,,,,,,,,,,,,,ON,Automatic water heating function used,Heating,,,,,,,,,,,,
1948,2022-01-15 21:00:00,0.0,,,,,,,,,,,,,,ON,Automatic water heating function used,Heating,,,,,,,,,,,,
2020,2022-01-15 21:30:00,0.0,,,,,,,,,,,,,,ON,Automatic water heating function used,Heating,,,,,,,,,,,,
2021,2022-01-15 22:00:00,0.0,,,,,,,,,,,,,,ON,Automatic water heating function used,Heating,,,,,,,,,,,,
2022,2022-01-15 22:30:00,0.0,,,,,,,,,,,,,,,,,,,,,,,,,,,,
2023,2022-01-15 23:00:00,0.0,,,,,,,,,,,,,,ON,Automatic water heating function used,Heating,,,,,,,,,,,,
2024,2022-01-15 23:30:00,0.0,,,,,,,,,,,,,,ON,Automatic water heating function used,Heating,,,,,,,,,,,,
2025,2022-01-16 00:00:00,0.0,,,,,,,,,,,,,,ON,Automatic water heating function used,Heating,,,,,,,,,,,,
2098,2022-01-16 00:30:00,0.0,,,,,,,,,,,,,,ON,Automatic water heating function used,Heating,,,,,,,,,,,,
2099,2022-01-16 01:00:00,0.0,,,,,,,,,,,,,,,,,,,,,,,,,,,,
2100,2022-01-16 01:30:00,0.0,,,,,,,,,,,,,,ON,Automatic water heating function used,Heating,,,,,,,,,,,,
2101,2022-01-16 02:00:00,0.0,,,,,,,,,,,,,,ON,Automatic water heating function used,Heating,,,,,,,,,,,,
2102,2022-01-16 02:30:00,0.0,,,,,,,,,,,,,,ON,Automatic water heating function used,Heating,,,,,,,,,,,,
2103,2022-01-16 03:00:00,0.0,,,,,,,,,,,,,,ON,Automatic water heating function used,Heating,,,,,,,,,,,,
2176,2022-01-16 03:30:00,0.0,,,,,,,,,,,,,,,,,,,,,,,,,,,,
2177,2022-01-16 04:00:00,0.0,,,,,,,,,,,,,,ON,Automatic water heating function used,Heating,,,,,,,,,,,,
2178,2022-01-16 04:30:00,0.0,,,,,,,,,,,,,,ON,Automatic water heating function used,Heating,,,,,,,,,,,,
2179,2022-01-16 05:00:00,0.0,,,,,,,,,,,,,,ON,Automatic water heating function used,Heating,,,,,,,,,,,,
2180,2022-01-16 05:30:00,0.0,,,,,,,,,,,,,,ON,Automatic water heating function used,Heating,,,,,,,,,,,,
2181,2022-01-16 06:00:00,0.0,,,,,,,,,,,,,,,,,,,,,,,,,,,,
2254,2022-01-16 06:30:00,0.0,,,,,,,,,,,,,,ON,Automatic water heating function used,Heating,,,,,,,,,,,,
2255,2022-01-16 07:00:00,0.0,,,,,,,,,,,,,,ON,Automatic water heating function used,Heating,,,,,,,,,,,,
2256,2022-01-16 07:30:00,0.035,,,,,,,,,,,,,,ON,Automatic water heating function used,Heating,,,,,,,,,,,,
2257,2022-01-16 08:00:00,0.105,,,,,,,,,,,,,,ON,Automatic water heating function used,Heating,,,,,,,,,,,,
2258,2022-01-16 08:30:00,0.195,,,,,,,,,,,,,,,,,,,,,,,,,,,,
2259,2022-01-16 09:00:00,0.365,,,,,,,,,,,,,,ON,Automatic water heating function used,Heating,,,,,,,,,,,,
2340,2022-01-16 09:30:00,0.44,,,,,,,,,,,,,,ON,Automatic water heating function used,Heating,,,,,,,,,,,,
2341,2022-01-16 10:00:00,0.59,,,,,,,,,,,,,,ON,Automatic water heating function used,Heating,,,,,,,,,,,,
2342,2022-01-16 10:30:00,0.64,,,,,,,,,,,,,,ON,Automatic water heating function used,Heating,,,,,,,,,,,,
2343,2022-01-16 11:00:00,0.745,,,,,,,,,,,,,,,,,,,,,,,,,,,,
2344,2022-01-16 11:30:00,0.77,,,,,,,,,,,,,,ON,Automatic water heating function used,Heating,,,,,,,,,,,,
2345,2022-01-16 12:00:00,0.815,,,,,,,,,,,,,,ON,Automatic water heating function used,Heating,,,,,,,,,,,,
2417,2022-01-16 12:30:00,0.81,,,,,,,,,,,,,,ON,Automatic water heating function used,Heating,,,,,,,,,,,,
2418,2022-01-16 13:00:00,0.8,,,,,,,,,,,,,,ON,Automatic water heating function used,Heating,,,,,,,,,,,,
2419,2022-01-16 13:30:00,0.77,,,,,,,,,,,,,,,,,,,,,,,,,,,,
2420,2022-01-16 14:00:00,0.7,,,,,,,,,,,,,,ON,Automatic water heating function used,Heating,,,,,,,,,,,,
2421,2022-01-16 14:30:00,0.64,,,,,,,,,,,,,,ON,Automatic water heating function used,Heating,,,,,,,,,,,,
2422,2022-01-16 15:00:00,0.515,,,,,,,,,,,,,,ON,Automatic water heating function used,Heating,,,,,,,,,,,,
2495,2022-01-16 15:30:00,0.44,,,,,,,,,,,,,,ON,Automatic water heating function used,Heating,,,,,,,,,,,,
2496,2022-01-16 16:00:00,0.28,,,,,,,,,,,,,,,,,,,,,,,,,,,,
2497,2022-01-16 16:30:00,0.125,,,,,,,,,,,,,,ON,Automatic water heating function used,Heating,,,,,,,,,,,,
2498,2022-01-16 17:00:00,0.045,,,,,,,,,,,,,,ON,Automatic water heating function used,Heating,,,,,,,,,,,,
2499,2022-01-16 17:30:00,0.015,,,,,,,,,,,,,,ON,Automatic water heating function used,Heating,,,,,,,,,,,,
2500,2022-01-16 18:00:00,0.0,,,,,,,,,,,,,,ON,Automatic water heating function used,Heating,,,,,,,,,,,,
2573,2022-01-16 18:30:00,0.0,,,,,,,,,,,,,,,,,,,,,,,,,,,,
2574,2022-01-16 19:00:00,0.0,,,,,,,,,,,,,,ON,Automatic water heating function used,Heating,,,,,,,,,,,,
2575,2022-01-16 19:30:00,0.0,,,,,,,,,,,,,,ON,Automatic water heating function used,Heating,,,,,,,,,,,,
2576,2022-01-16 20:00:00,0.0,,,,,,,,,,,,,,ON,Automatic water heating function used,Heating,,,,,,,,,,,,
2577,2022-01-16 20:30:00,0.0,,,,,,,,,,,,,,ON,Automatic water heating function used,Heating,,,,,,,,,,,,
2578,2022-01-16 21:00:00,0.0,,,,,,,,,,,,,,,,,,,,,,,,,,,,
2651,2022-01-16 21:30:00,0.0,,,,,,,,,,,,,,ON,Automatic water heating function used,Heating,,,,,,,,,,,,
2652,2022-01-16 22:00:00,0.0,,,,,,,,,,,,,,ON,Automatic water heating function used,Heating,,,,,,,,,,,,
2653,2022-01-16 22:30:00,0.0,,,,,,,,,,,,,,ON,Automatic water heating function used,Heating,,,,,,,,,,,,
2654,2022-01-16 23:00:00,0.0,,,,,,,,,,,,,,ON,Automatic water heating function used,Heating,,,,,,,,,,,,
2655,2022-01-16 23:30:00,0.0,,,,,,,,,,,,,,,,,,,,,,,,,,,,
2656,2022-01-17 00:00:00,0.0,,,,,,,,,,,,,,ON,Automatic water heating function used,Heating,,,,,,,,,,,,
2729,2022-01-17 00:30:00,0.0,,,,,,,,,,,,,,ON,Automatic water heating function used,Heating,,,,,,,,,,,,
2730,2022-01-17 01:00:00,0.0,,,,,,,,,,,,,,ON,Automatic water heating function used,Heating,,,,,,,,,,,,
2731,2022-01-17 01:30:00,0.0,,,,,,,,,,,,,,ON,Automatic water heating function used,Heating,,,,,,,,,,,,
2732,2022-01-17 02:00:00,0.0,,,,,,,,,,,,,,,,,,,,,,,,,,,,
2733,2022-01-17 02:30:00,0.0,,,,,,,,,,,,,,ON,Automatic water heating function used,Heating,,,,,,,,,,,,
2734,2022-01-17 03:00:00,0.0,,,,,,,,,,,,,,ON,Automatic water heating function used,Heating,,,,,,,,,,,,
2806,2022-01-17 03:30:00,0.0,,,,,,,,,,,,,,ON,Automatic water heating function used,Heating,,,,,,,,,,,,
2807,2022-01-17 04:00:00,0.0,,,,,,,,,,,,,,ON,Automatic water heating function used,Heating,,,,,,,,,,,,
2808,2022-01-17 04:30:00,0.0,,,,,,,,,,,,,,,,,,,,,,,,,,,,
2809,2022-01-17 05:00:00,0.0,,,,,,,,,,,,,,ON,Automatic water heating function used,Heating,,,,,,,,,,,,
2810,2022-01-17 05:30:00,0.0,,,,,,,,,,,,,,ON,Automatic water heating function used,Heating,,,,,,,,,,,,
2811,2022-01-17 06:00:00,0.0,,,,,,,,,,,,,,ON,Automatic water heating function used,Heating,,,,,,,,,,,,
2884,2022-01-17 06:30:00,0.0,,,,,,,,,,,,,,ON,Automatic water heating function used,Heating,,,,,,,,,,,,
2885,2022-01-17 07:00:00,0.0,,,,,,,,,,,,,,,,,,,,,,,,,,,,
2886,2022-01-17 07:30:00,0.035,,,,,,,,,,,,,,ON,Automatic water heating function used,Heating,,,,,,,,,,,,
2887,2022-01-17 08:00:00,0.1,,,,,,,,,,,,,,ON,Automatic water heating function used,Heating,,,,,,,,,,,,
2888,2022-01-17 08:30:00,0.185,,,,,,,,,,,,,,ON,Automatic water heating function used,Heating,,,,,,,,,,,,
2889,2022-01-17 09:00:00,0.36,,,,,,,,,,,,,,ON,Automatic water heating function used,Heating,,,,,,,,,,,,
2962,2022-01-17 09:30:00,0.42,,,,,,,,,,,,,,,,,,,,,,,,,,,,
2963,2022-01-17 10:00:00,0.55,,,,,,,,,,,,,,ON,Automatic water heating function used,Heating,,,,,,,,,,,,
2964,2022-01-17 10:30:00,0.605,,,,,,,,,,,,,,ON,Automatic water heating function used,Heating,,,,,,,,,,,,
2965,2022-01-17 11:00:00,0.72,,,,,,,,,,,,,,ON,Automatic water heating function used,Heating,,,,,,,,,,,,
2966,2022-01-17 11:30:00,0.745,,,,,,,,,,,,,,ON,Automatic water heating function used,Heating,,,,,,,,,,,,
2967,2022-01-17 12:00:00,0.8,,,,,,,,,,,,,,,,,,,,,,,,,,,,
3040,2022-01-17 12:30:00,0.74,,,,,,,,,,,,,,ON,Automatic water heating function used,Heating,,,,,,,,,,,,
3041,2022-01-17 13:00:00,0.71,,,,,,,,,,,,,,ON,Automatic water heating function used,Heating,,,,,,,,,,,,
3042,2022-01-17 13:30:00,0.64,,,,,,,,,,,,,,ON,Automatic water heating function used,Heating,,,,,,,,,,,,
3043,2022-01-17 14:00:00,0.605,,,,,,,,,,,,,,ON,Automatic water heating function used,Heating,,,,,,,,,,,,
3044,2022-01-17 14:30:00,0.555,,,,,,,,,,,,,,,,,,,,,,,,,,,,
3045,2022-01-17 15:00:00,0.43,,,,,,,,,,,,,,ON,Automatic water heating function used,Heating,,,,,,,,,,,,
3118,2022-01-17 15:30:00,0.37,,,,,,,,,,,,,,ON,Automatic water heating function used,Heating,,,,,,,,,,,,
3119,2022-01-17 16:00:00,0.25,,,,,,,,,,,,,,ON,Automatic water heating function used,Heating,,,,,,,,,,,,
3120,2022-01-17 16:30:00,0.115,,,,,,,,,,,,,,ON,Automatic water heating function used,Heating,,,,,,,,,,,,
3121,2022-01-17 17:00:00,0.045,,,,,,,,,,,,,,,,,,,,,,,,,,,,
3122,2022-01-17 17:30:00,0.015,,,,,,,,,,,,,,ON,Automatic water heating function used,Heating,,,,,,,,,,,,
3123,2022-01-17 18:00:00,0.0,,,,,,,,,,,,,,ON,Automatic water heating function used,Heating,,,,,,,,,,,,
3195,2022-01-17 18:30:00,0.0,,,,,,,,,,,,,,ON,Automatic water heating function used,Heating,,,,,,,,,,,,
3196,2022-01-17 19:00:00,0.0,,,,,,,,,,,,,,ON,Automatic water heating function used,Heating,,,,,,,,,,,,
3197,2022-01-17 19:30:00,0.0,,,,,,,,,,,,,,,,,,,,,,,,,,,,
3198,2022-01-17 20:00:00,0.0,,,,,,,,,,,,,,ON,Automatic water heating function used,Heating,,,,,,,,,,,,
3199,2022-01-17 20:30:00,0.0,,,,,,,,,,,,,,ON,Automatic water heating function used,Heating,,,,,,,,,,,,
3200,2022-01-17 21:00:00,0.0,,,,,,,,,,,,,,ON,Automatic water heating function used,Heating,,,,,,,,,,,,
3273,2022-01-17 21:30:00,0.0,,,,,,,,,,,,,,ON,Automatic water heating function used,Heating,,,,,,,,,,,,
3274,2022-01-17 22:00:00,0.0,,,,,,,,,,,,,,,,,,,,,,,,,,,,
3275,2022-01-17 22:30:00,0.0,,,,,,,,,,,,,,ON,Automatic water heating function used,Heating,,,,,,,,,,,,
3276,2022-01-17 23:00:00,0.0,,,,,,,,,,,,,,ON,Automatic water heating function used,Heating,,,,,,,,,,,,
3277,2022-01-17 23:30:00,0.0,,,,,,,,,,,,,,ON,Automatic water heating function used,Heating,,,,,,,,,,,,
3278,2022-01-18 00:00:00,0.0,,,,,,,,,,,,,,ON,Automatic water heating function used,Heating,,,,,,,,,,,,
3351,2022-01-18 00:30:00,0.0,,,,,,,,,,,,,,,,,,,,,,,,,,,,
3352,2022-01-18 01:00:00,0.0,,,,,,,,,,,,,,ON,Automatic water heating function used,Heating,,,,,,,,,,,,
3353,2022-01-18 01:30:00,0.0,,,,,,,,,,,,,,ON,Automatic water heating function used,Heating,,,,,,,,,,,,
3354,2022-01-18 02:00:00,0.0,,,,,,,,,,,,,,ON,Automatic water heating function used,Heating,,,,,,,,,,,,
3355,2022-01-18 02:30:00,0.0,,,,,,,,,,,,,,ON,Automatic water heating function used,Heating,,,,,,,,,,,,
3356,2022-01-18 03:00:00,0.0,,,,,,,,,,,,,,,,,,,,,,,,,,,,
3429,2022-01-18 03:30:00,0.0,,,,,,,,,,,,,,ON,Automatic water heating function used,Heating,,,,,,,,,,,,
3430,2022-01-18 04:00:00,0.0,,,,,,,,,,,,,,ON,Automatic water heating function used,Heating,,,,,,,,,,,,
3431,2022-01-18 04:30:00,0.0,,,,,,,,,,,,,,ON,Automatic water heating function used,Heating,,,,,,,,,,,,
3432,2022-01-18 05:00:00,0.0,,,,,,,,,,,,,,ON,Automatic water heating function used,Heating,,,,,,,,,,,,
3433,2022-01-18 05:30:00,0.0,,,,,,,,,,,,,,,,,,,,,,,,,,,,
3434,2022-01-18 06:00:00,0.0,,,,,,,,,,,,,,ON,Automatic water heating function used,Heating,,,,,,,,,,,,
3507,2022-01-18 06:30:00,0.0,,,,,,,,,,,,,,ON,Automatic water heating function used,Heating,,,,,,,,,,,,
3508,2022-01-18 07:00:00,0.0,,,,,,,,,,,,,,ON,Automatic water heating function used,Heating,,,,,,,,,,,,
3509,2022-01-18 07:30:00,0.035,,,,,,,,,,,,,,ON,Automatic water heating function used,Heating,,,,,,,,,,,,
3510,2022-01-18 08:00:00,0.11,,,,,,,,,,,,,,,,,,,,,,,,,,,,
3511,2022-01-18 08:30:00,0.2,,,,,,,,,,,,,,ON,Automatic water heating function used,Heating,,,,,,,,,,,,
3512,2022-01-18 09:00:00,0.37,,,,,,,,,,,,,,ON,Automatic water heating function used,Heating,,,,,,,,,,,,
3584,2022-01-18 09:30:00,0.45,,,,,,,,,,,,,,ON,Automatic water heating function used,Heating,,,,,,,,,,,,
3585,2022-01-18 10:00:00,0.605,,,,,,,,,,,,,,ON,Automatic water heating function used,Heating,,,,,,,,,,,,
3586,2022-01-18 10:30:00,0.66,,,,,,,,,,,,,,,,,,,,,,,,,,,,
3587,2022-01-18 11:00:00,0.77,,,,,,,,,,,,,,ON,Automatic water heating function used,Heating,,,,,,,,,,,,
3588,2022-01-18 11:30:00,0.785,,,,,,,,,,,,,,,,,,,,,,,,,,,,
3589,2022-01-18 12:00:00,0.825,,,,,,,,,,,,,,,,,,,,,,,,,,,,
3662,2022-01-18 12:30:00,0.81,,,,,,,,,,,,,,,,,,,,,,,,,,,,
3663,2022-01-18 13:00:00,0.775,,,,,,,,,,,,,,,,,,,,,,,,,,,,
3664,2022-01-18 13:30:00,0.75,,,,,,,,,,,,,,,,,,,,,,,,,,,,
3665,2022-01-18 14:00:00,0.705,,,,,,,,,,,,,,,,,,,,,,,,,,,,
3666,2022-01-18 14:30:00,0.585,,,,,,,,,,,,,,ON,Automatic water heating function used,Heating,,,,,,,,,,,,
3667,2022-01-18 15:00:00,0.49,,,,,,,,,,,,,,ON,Automatic water heating function used,Heating,,,,,,,,,,,,
3740,2022-01-18 15:30:00,0.355,,,,,,,,,,,,,,,,,,,,,,,,,,,,
3741,2022-01-18 16:00:00,0.285,,,,,,,,,,,,,,,,,,,,,,,,,,,,
3742,2022-01-18 16:30:00,0.13,,,,,,,,,,,,,,,,,,,,,,,,,,,,
3743,2022-01-18 17:00:00,0.055,,,,,,,,,,,,,,,,,,,,,,,,,,,,
3744,2022-01-18 17:30:00,0.02,,,,,,,,,,,,,,,,,,,,,,,,,,,,
3745,2022-01-18 18:00:00,0.0,,,,,,,,,,,,,,,,,,,,,,,,,,,,
3818,2022-01-18 18:30:00,0.0,,,,,,,,,,,,,,,,,,,,,,,,,,,,
3819,2022-01-18 19:00:00,0.0,,,,,,,,,,,,,,,,,,,,,,,,,,,,
3820,2022-01-18 19:30:00,0.0,,,,,,,,,,,,,,,,,,,,,,,,,,,,
3821,2022-01-18 20:00:00,0.0,,,,,,,,,,,,,,,,,,,,,,,,,,,,
3822,2022-01-18 20:30:00,0.0,,,,,,,,,,,,,,,,,,,,,,,,,,,,
3823,2022-01-18 21:00:00,0.0,,,,,,,,,,,,,,,,,,,,,,,,,,,,
3897,2022-01-18 21:30:00,0.0,,,,,,,,,,,,,,,,,,,,,,,,,,,,
3898,2022-01-18 22:00:00,0.0,,,,,,,,,,,,,,,,,,,,,,,,,,,,
3899,2022-01-18 22:30:00,0.0,,,,,,,,,,,,,,,,,,,,,,,,,,,,
3900,2022-01-18 23:00:00,0.0,,,,,,,,,,,,,,,,,,,,,,,,,,,,
3901,2022-01-18 23:30:00,0.0,,,,,,,,,,,,,,,,,,,,,,,,,,,,
3902,2022-01-19 00:00:00,0.0,,,,,,,,,,,,,,,,,,,,,,,,,,,,
3994,2022-01-19 00:30:00,0.0,,,,,,,,,,,,,,,,,,,,,,,,,,,,
3995,2022-01-19 01:00:00,0.0,,,,,,,,,,,,,,,,,,,,,,,,,,,,
3996,2022-01-19 01:30:00,0.0,,,,,,,,,,,,,,,,,,,,,,,,,,,,
3997,2022-01-19 02:00:00,0.0,,,,,,,,,,,,,,,,,,,,,,,,,,,,
3998,2022-01-19 02:30:00,0.0,,,,,,,,,,,,,,,,,,,,,,,,,,,,
3999,2022-01-19 03:00:00,0.0,,,,,,,,,,,,,,,,,,,,,,,,,,,,
4080,2022-01-19 03:30:00,0.0,,,,,,,,,,,,,,,,,,,,,,,,,,,,
4081,2022-01-19 04:00:00,0.0,,,,,,,,,,,,,,,,,,,,,,,,,,,,
4082,2022-01-19 04:30:00,0.0,,,,,,,,,,,,,,,,,,,,,,,,,,,,
4083,2022-01-19 05:00:00,0.0,,,,,,,,,,,,,,,,,,,,,,,,,,,,
4084,2022-01-19 05:30:00,0.0,,,,,,,,,,,,,,,,,,,,,,,,,,,,
4085,2022-01-19 06:00:00,0.0,,,,,,,,,,,,,,,,,,,,,,,,,,,,
4158,2022-01-19 06:30:00,0.0,,,,,,,,,,,,,,,,,,,,,,,,,,,,
4159,2022-01-19 07:00:00,0.0,,,,,,,,,,,,,,,,,,,,,,,,,,,,
4160,2022-01-19 07:30:00,0.04,,,,,,,,,,,,,,,,,,,,,,,,,,,,
4161,2022-01-19 08:00:00,0.115,,,,,,,,,,,,,,,,,,,,,,,,,,,,
4162,2022-01-19 08:30:00,0.2,,,,,,,,,,,,,,,,,,,,,,,,,,,,
4163,2022-01-19 09:00:00,0.38,,,,,,,,,,,,,,,,,,,,,,,,,,,,
4236,2022-01-19 09:30:00,0.455,,,,,,,,,,,,,,,,,,,,,,,,,,,,
4237,2022-01-19 10:00:00,0.61,,,,,,,,,,,,,,,,,,,,,,,,,,,,
4238,2022-01-19 10:30:00,0.655,,,,,,,,,,,,,,,,,,,,,,,,,,,,
4239,2022-01-19 11:00:00,0.745,,,,,,,,,,,,,,,,,,,,,,,,,,,,
4240,2022-01-19 11:30:00,0.735,,,,,,,,,,,,,,,,,,,,,,,,,,,,
4241,2022-01-19 12:00:00,0.69,,,,,,,,,,,,,,,,,,,,,,,,,,,,
4314,2022-01-19 12:30:00,0.675,,,,,,,,,,,,,,,,,,,,,,,,,,,,
4315,2022-01-19 13:00:00,0.635,,,,,,,,,,,,,,,,,,,,,,,,,,,,
4316,2022-01-19 13:30:00,0.595,,,,,,,,,,,,,,,,,,,,,,,,,,,,
4317,2022-01-19 14:00:00,0.51,,,,,,,,,,,,,,,,,,,,,,,,,,,,
4318,2022-01-19 14:30:00,0.425,,,,,,,,,,,,,,,,,,,,,,,,,,,,
4319,2022-01-19 15:00:00,0.375,,,,,,,,,,,,,,,,,,,,,,,,,,,,
4391,2022-01-19 15:30:00,0.265,,,,,,,,,,,,,,,,,,,,,,,,,,,,
4392,2022-01-19 16:00:00,0.21,,,,,,,,,,,,,,,,,,,,,,,,,,,,
4393,2022-01-19 16:30:00,0.095,,,,,,,,,,,,,,,,,,,,,,,,,,,,
4394,2022-01-19 17:00:00,0.035,,,,,,,,,,,,,,,,,,,,,,,,,,,,
4395,2022-01-19 17:30:00,0.01,,,,,,,,,,,,,,,,,,,,,,,,,,,,
4396,2022-01-19 18:00:00,0.0,,,,,,,,,,,,,,,,,,,,,,,,,,,,
4469,2022-01-19 18:30:00,0.0,,,,,,,,,,,,,,,,,,,,,,,,,,,,
4470,2022-01-19 19:00:00,0.0,,,,,,,,,,,,,,,,,,,,,,,,,,,,
4471,2022-01-19 19:30:00,0.0,,,,,,,,,,,,,,,,,,,,,,,,,,,,
4472,2022-01-19 20:00:00,0.0,,,,,,,,,,,,,,,,,,,,,,,,,,,,
4473,2022-01-19 20:30:00,0.0,,,,,,,,,,,,,,,,,,,,,,,,,,,,
4474,2022-01-19 21:00:00,0.0,,,,,,,,,,,,,,,,,,,,,,,,,,,,
4549,2022-01-19 21:30:00,0.0,,,,,,,,,,,,,,,,,,,,,,,,,,,,
4550,2022-01-19 22:00:00,0.0,,,,,,,,,,,,,,,,,,,,,,,,,,,,
4551,2022-01-19 22:30:00,0.0,,,,,,,,,,,,,,,,,,,,,,,,,,,,
4552,2022-01-19 23:00:00,0.0,,,,,,,,,,,,,,,,,,,,,,,,,,,,
4553,2022-01-19 23:30:00,0.0,,,,,,,,,,,,,,,,,,,,,,,,,,,,
4554,2022-01-20 00:00:00,0.0,,,,,,,,,,,,,,,,,,,,,,,,,,,,
4629,2022-01-20 00:30:00,0.0,,,,,,,,,,,,,,,,,,,,,,,,,,,,
4630,2022-01-20 01:00:00,0.0,,,,,,,,,,,,,,,,,,,,,,,,,,,,
4631,2022-01-20 01:30:00,0.0,,,,,,,,,,,,,,,,,,,,,,,,,,,,
4632,2022-01-20 02:00:00,0.0,,,,,,,,,,,,,,,,,,,,,,,,,,,,
4633,2022-01-20 02:30:00,0.0,,,,,,,,,,,,,,,,,,,,,,,,,,,,
4634,2022-01-20 03:00:00,0.0,,,,,,,,,,,,,,,,,,,,,,,,,,,,
4703,2022-01-20 03:30:00,0.0,,,,,,,,,,,,,,,,,,,,,,,,,,,,
4704,2022-01-20 04:00:00,0.0,,,,,,,,,,,,,,,,,,,,,,,,,,,,
4705,2022-01-20 04:30:00,0.0,,,,,,,,,,,,,,,,,,,,,,,,,,,,
4706,2022-01-20 05:00:00,0.0,,,,,,,,,,,,,,,,,,,,,,,,,,,,
4707,2022-01-20 05:30:00,0.0,,,,,,,,,,,,,,,,,,,,,,,,,,,,
4708,2022-01-20 06:00:00,0.0,,,,,,,,,,,,,,,,,,,,,,,,,,,,
4776,2022-01-20 06:30:00,0.0,,,,,,,,,,,,,,,,,,,,,,,,,,,,
4777,2022-01-20 07:00:00,0.0,,,,,,,,,,,,,,,,,,,,,,,,,,,,
4778,2022-01-20 07:30:00,0.035,,,,,,,,,,,,,,,,,,,,,,,,,,,,
4779,2022-01-20 08:00:00,0.11,,,,,,,,,,,,,,,,,,,,,,,,,,,,
4780,2022-01-20 08:30:00,0.195,,,,,,,,,,,,,,,,,,,,,,,,,,,,
4781,2022-01-20 09:00:00,0.365,,,,,,,,,,,,,,,,,,,,,,,,,,,,
4851,2022-01-20 09:30:00,0.435,,,,,,,,,,,,,,,,,,,,,,,,,,,,
4852,2022-01-20 10:00:00,0.57,,,,,,,,,,,,,,,,,,,,,,,,,,,,
4853,2022-01-20 10:30:00,0.615,,,,,,,,,,,,,,,,,,,,,,,,,,,,
4854,2022-01-20 11:00:00,0.7,,,,,,,,,,,,,,,,,,,,,,,,,,,,
4855,2022-01-20 11:30:00,0.675,,,,,,,,,,,,,,,,,,,,,,,,,,,,
4856,2022-01-20 12:00:00,0.63,,,,,,,,,,,,,,,,,,,,,,,,,,,,
4930,2022-01-20 12:30:00,0.645,,,,,,,,,,,,,,,,,,,,,,,,,,,,
4931,2022-01-20 13:00:00,0.67,,,,,,,,,,,,,,,,,,,,,,,,,,,,
4932,2022-01-20 13:30:00,0.645,,,,,,,,,,,,,,,,,,,,,,,,,,,,
4933,2022-01-20 14:00:00,0.595,,,,,,,,,,,,,,,,,,,,,,,,,,,,
4934,2022-01-20 14:30:00,0.54,,,,,,,,,,,,,,,,,,,,,,,,,,,,
4935,2022-01-20 15:00:00,0.43,,,,,,,,,,,,,,,,,,,,,,,,,,,,
5009,2022-01-20 15:30:00,0.34,,,,,,,,,,,,,,,,,,,,,,,,,,,,
5010,2022-01-20 16:00:00,0.295,,,,,,,,,,,,,,,,,,,,,,,,,,,,
5011,2022-01-20 16:30:00,0.135,,,,,,,,,,,,,,,,,,,,,,,,,,,,
5012,2022-01-20 17:00:00,0.06,,,,,,,,,,,,,,,,,,,,,,,,,,,,
5013,2022-01-20 17:30:00,0.02,,,,,,,,,,,,,,,,,,,,,,,,,,,,
5014,2022-01-20 18:00:00,0.0,,,,,,,,,,,,,,,,,,,,,,,,,,,,
5088,2022-01-20 18:30:00,0.0,,,,,,,,,,,,,,,,,,,,,,,,,,,,
5089,2022-01-20 19:00:00,0.0,,,,,,,,,,,,,,,,,,,,,,,,,,,,
5090,2022-01-20 19:30:00,0.0,,,,,,,,,,,,,,,,,,,,,,,,,,,,
5091,2022-01-20 20:00:00,0.0,,,,,,,,,,,,,,,,,,,,,,,,,,,,
5092,2022-01-20 20:30:00,0.0,,,,,,,,,,,,,,,,,,,,,,,,,,,,
5093,2022-01-20 21:00:00,0.0,,,,,,,,,,,,,,,,,,,,,,,,,,,,
5169,2022-01-20 21:30:00,0.0,,,,,,,,,,,,,,,,,,,,,,,,,,,,
5170,2022-01-20 22:00:00,0.0,,,,,,,,,,,,,,,,,,,,,,,,,,,,
5171,2022-01-20 22:30:00,0.0,,,,,,,,,,,,,,,,,,,,,,,,,,,,
5172,2022-01-20 23:00:00,0.0,,,,,,,,,,,,,,,,,,,,,,,,,,,,
5173,2022-01-20 23:30:00,0.0,,,,,,,,,,,,,,,,,,,,,,,,,,,,
5174,2022-01-21 00:00:00,0.0,,,,,,,,,,,,,,,,,,,,,,,,,,,,
5248,2022-01-21 00:30:00,0.0,,,,,,,,,,,,,,,,,,,,,,,,,,,,
5249,2022-01-21 01:00:00,0.0,,,,,,,,,,,,,,,,,,,,,,,,,,,,
5250,2022-01-21 01:30:00,0.0,,,,,,,,,,,,,,,,,,,,,,,,,,,,
5251,2022-01-21 02:00:00,0.0,,,,,,,,,,,,,,,,,,,,,,,,,,,,
5252,2022-01-21 02:30:00,0.0,,,,,,,,,,,,,,,,,,,,,,,,,,,,
5253,2022-01-21 03:00:00,0.0,,,,,,,,,,,,,,,,,,,,,,,,,,,,
5327,2022-01-21 03:30:00,0.0,,,,,,,,,,,,,,,,,,,,,,,,,,,,
5328,2022-01-21 04:00:00,0.0,,,,,,,,,,,,,,,,,,,,,,,,,,,,
5329,2022-01-21 04:30:00,0.0,,,,,,,,,,,,,,,,,,,,,,,,,,,,
5330,2022-01-21 05:00:00,0.0,,,,,,,,,,,,,,,,,,,,,,,,,,,,
5331,2022-01-21 05:30:00,0.0,,,,,,,,,,,,,,,,,,,,,,,,,,,,
5332,2022-01-21 06:00:00,0.0,,,,,,,,,,,,,,,,,,,,,,,,,,,,
5406,2022-01-21 06:30:00,,,,,,,,,,,,,,,,,,,,,,,,,,,,,
5407,2022-01-21 07:00:00,,,,,,,,,,,,,,,,,,,,,,,,,,,,,
5408,2022-01-21 07:30:00,,,,,,,,,,,,,,,,,,,,,,,,,,,,,
5409,2022-01-21 08:00:00,,,,,,,,,,,,,,,,,,,,,,,,,,,,,
5410,2022-01-21 08:30:00,,,,,,,,,,,,,,,,,,,,,,,,,,,,,
5411,2022-01-21 09:00:00,,,,,,,,,,,,,,,,,,,,,,,,,,,,,
