id,日時,予測値_PV,PV発電量,買電量,予測値_demand,battery状態,SOC,充電可能量,放電可能量,残電力量,SOC_増減,充電量可能量_増減,放電可能量_増減,残電力量_増減,充放電指示量,EQ動作状態,沸き上げ自動設定,沸き上げ中状態,ｴﾈﾙｷﾞｰｼﾌﾄ参加状態,沸き上げ開始基準時刻,ｴﾈﾙｷﾞｰｼﾌﾄ参回数,昼間沸き上げｼﾌﾄ時刻1,EQ指示時刻,ｴｱｺﾝ状態,ｴｱｺﾝmode,ｴｱｺﾝ設定温度,気温,湿度,温度計_残電池
1,2021-12-05 00:30:00,,0.0,0.9922,,Charging,77,1.242,3.445,3.828,,,,,,ON,Automatic water heating function used,Not heating,,,,,,,,,,,
5,2021-12-05 01:00:00,,0.0,1.0042,,Charging,87,0.702,3.893,4.326,,,,,,ON,Automatic water heating function used,Not heating,,,,,,,,,,,
6,2021-12-05 01:30:00,,0.0,1.00695,,Charging,97,0.162,4.34,4.823,,,,,,ON,Automatic water heating function used,Not heating,,,,,,,,,,,
7,2021-12-05 02:00:00,,0.0,0.51205,,Standby,99,0.0,4.43,4.922,,,,,,ON,Automatic water heating function used,Not heating,,,,,,,,,,,
8,2021-12-05 02:30:00,,0.0,0.3901,,Standby,99,0.0,4.43,4.922,,,,,,ON,Automatic water heating function used,Not heating,,,,,,,,,,,
9,2021-12-05 03:00:00,,0.0,0.46275,,Standby,99,0.0,4.43,4.922,,,,,,ON,Automatic water heating function used,Not heating,,,,,,,,,,,
10,2021-12-05 03:30:00,,0.0,0.38545,,Standby,99,0.0,4.43,4.922,,,,,,ON,Automatic water heating function used,Not heating,,,,,,,,,,,
11,2021-12-05 04:00:00,,0.0,0.49945,,Standby,99,0.0,4.43,4.922,,,,,,ON,Automatic water heating function used,Heating,,,,,,,,,,,
12,2021-12-05 04:30:00,,0.0,0.94915,,Standby,99,0.0,4.43,4.922,,,,,,ON,Automatic water heating function used,Heating,,,,,,,,,,,
13,2021-12-05 05:00:00,,0.0,0.94555,,Standby,99,0.0,4.43,4.922,,,,,,ON,Automatic water heating function used,Heating,,,,,,,,,,,
14,2021-12-05 05:30:00,,0.0,0.9636,,Standby,99,0.0,4.43,4.922,,,,,,ON,Automatic water heating function used,Heating,,,,,,,,,,,
15,2021-12-05 06:00:00,,0.0,0.95825,,Standby,99,0.0,4.43,4.922,,,,,,ON,Automatic water heating function used,Heating,,,,,,,,,,,
16,2021-12-05 06:30:00,,0.0,0.96565,,Standby,99,0.0,4.43,4.922,,,,,,ON,Automatic water heating function used,Heating,,,,,,,,,,,
17,2021-12-05 07:00:00,,0.0,0.4257,,Standby,99,0.0,4.43,4.922,,,,,,ON,Automatic water heating function used,Not heating,,,,,,,,,,,
18,2021-12-05 07:30:00,,0.0205,0.7355,,Standby,99,0.0,4.43,4.922,,,,,,ON,Automatic water heating function used,Not heating,,,,,,,,,,,
19,2021-12-05 08:00:00,,0.0814,0.6888,,Standby,99,0.0,4.43,4.922,,,,,,ON,Automatic water heating function used,Not heating,,,,,,,,,,,
20,2021-12-05 08:30:00,,0.2323,0.63905,,Standby,99,0.0,4.43,4.922,,,,,,ON,Automatic water heating function used,Not heating,,,,,,,,,,,
21,2021-12-05 09:00:00,,0.42075,0.51995,,Standby,98,0.108,4.385,4.873,,,,,,ON,Automatic water heating function used,Not heating,,,,,,,,,,,
22,2021-12-05 09:30:00,,0.48575,-0.08135,,Standby,97,0.162,4.34,4.823,,,,,,ON,Automatic water heating function used,Not heating,,,,,,,,,,,
23,2021-12-05 10:00:00,,1.42155,-1.05385,,Standby,97,0.162,4.34,4.823,,,,,,ON,Automatic water heating function used,Not heating,,,,,,,,,,,
24,2021-12-05 10:30:00,,1.5336,-1.0982,,Standby,97,0.162,4.34,4.823,,,,,,ON,Automatic water heating function used,Not heating,,,,,,,,,,,
25,2021-12-05 11:00:00,,1.62835,-1.3316,,Standby,96,0.216,4.296,4.773,,,,,,ON,Automatic water heating function used,Not heating,,,,,,,,,,,
26,2021-12-05 11:30:00,,1.68715,-1.29655,,Standby,96,0.216,4.296,4.773,,,,,,ON,Automatic water heating function used,Not heating,,,,,,,,,,,
27,2021-12-05 12:00:00,,1.7445,-0.87275,,Standby,96,0.216,4.296,4.773,,,,,,ON,Automatic water heating function used,Not heating,,,,,,,,,,,
28,2021-12-05 12:30:00,,1.07245,-0.48285,,Discharging,94,0.324,4.206,4.674,,,,,,ON,Automatic water heating function used,Not heating,,,,,,,,,,,
29,2021-12-05 13:00:00,,0.7561,-0.23145,,Standby,92,0.432,4.117,4.574,,,,,,ON,Automatic water heating function used,Not heating,,,,,,,,,,,
30,2021-12-05 13:30:00,,0.52985,-0.1889,,Standby,92,0.432,4.117,4.574,,,,,,ON,Automatic water heating function used,Not heating,,,,,,,,,,,
31,2021-12-05 14:00:00,,0.42865,-0.0935,,Standby,92,0.432,4.117,4.574,,,,,,ON,Automatic water heating function used,Not heating,,,,,,,,,,,
32,2021-12-05 14:30:00,,0.3657,-0.0891,,Standby,92,0.432,4.117,4.574,,,,,,ON,Automatic water heating function used,Not heating,,,,,,,,,,,
33,2021-12-05 15:00:00,,0.3147,-0.0554,,Standby,92,0.432,4.117,4.574,,,,,,ON,Automatic water heating function used,Not heating,,,,,,,,,,,
34,2021-12-05 15:30:00,,0.24405,0.0128,,Discharging,84,0.864,3.759,4.176,,,,,,ON,Automatic water heating function used,Heating,,,,,,,,,,,
35,2021-12-05 16:00:00,,0.1837,0.04895,,Discharging,69,1.675,3.087,3.431,,,,,,ON,Automatic water heating function used,Heating,,,,,,,,,,,
36,2021-12-05 16:30:00,,0.13315,0.04855,,Discharging,57,2.323,2.55,2.834,,,,,,ON,Automatic water heating function used,Not heating,,,,,,,,,,,
37,2021-12-05 17:00:00,,0.02715,0.04895,,Discharging,50,2.702,2.237,2.486,,,,,,ON,Automatic water heating function used,Not heating,,,,,,,,,,,
38,2021-12-05 17:30:00,,0.0001,0.04835,,Discharging,43,3.08,1.924,2.138,,,,,,ON,Automatic water heating function used,Not heating,,,,,,,,,,,
39,2021-12-05 18:00:00,,0.0,0.04805,,Discharging,34,3.566,1.521,1.69,,,,,,ON,Automatic water heating function used,Not heating,,,,,,,,,,,
40,2021-12-05 18:30:00,,0.0,0.8717,,Standby,29,3.836,1.297,1.442,,,,,,ON,Automatic water heating function used,Heating,,,,,,,,,,,
41,2021-12-05 19:00:00,,0.0,1.44515,,Standby,29,3.836,1.297,1.442,,,,,,ON,Automatic water heating function used,Not heating,,,,,,,,,,,
42,2021-12-05 19:30:00,,0.0,0.77385,,Standby,28,3.89,1.253,1.392,,,,,,ON,Automatic water heating function used,Not heating,,,,,,,,,,,
43,2021-12-05 20:00:00,,0.0,0.52675,,Standby,28,3.89,1.253,1.392,,,,,,ON,Automatic water heating function used,Not heating,,,,,,,,,,,
44,2021-12-05 20:30:00,,0.0,0.41115,,Standby,28,3.89,1.253,1.392,,,,,,ON,Automatic water heating function used,Not heating,,,,,,,,,,,
45,2021-12-05 21:00:00,,0.0,0.40725,,Standby,28,3.89,1.253,1.392,,,,,,ON,Automatic water heating function used,Not heating,,,,,,,,,,,
46,2021-12-05 21:30:00,,0.0,0.67595,,Standby,28,3.89,1.253,1.392,,,,,,ON,Automatic water heating function used,Heating,,,,,,,,,,,
47,2021-12-05 22:00:00,,0.0,1.1556,,Standby,28,3.89,1.253,1.392,,,,,,ON,Automatic water heating function used,Heating,,,,,,,,,,,
48,2021-12-05 22:30:00,,0.0,1.7038,,Charging,34,3.566,1.521,1.69,,,,,,ON,Automatic water heating function used,Heating,,,,,,,,,,,
49,2021-12-05 23:00:00,,0.0,1.6329,,Charging,44,3.026,1.969,2.187,,,,,,ON,Automatic water heating function used,Heating,,,,,,,,,,,
50,2021-12-05 23:30:00,,0.0,1.74415,,Charging,55,2.431,2.461,2.734,,,,,,ON,Automatic water heating function used,Heating,,,,,,,,,,,
51,2021-12-06 00:00:00,,0.0,1.26495,,Charging,66,1.837,2.953,3.281,,,,,,ON,Automatic water heating function used,Not heating,,,,,,,,,,,
52,2021-12-06 00:30:00,,0.0,1.15935,,Charging,76,1.296,3.401,3.779,,,,,,ON,Automatic water heating function used,Not heating,,,,,,,,,,,
53,2021-12-06 01:00:00,,0.0,1.1625,,Charging,86,0.756,3.848,4.276,,,,,,ON,Automatic water heating function used,Not heating,,,,,,,,,,,
54,2021-12-06 01:30:00,,0.0,1.1197,,Charging,97,0.162,4.34,4.823,,,,,,ON,Automatic water heating function used,Not heating,,,,,,,,,,,
55,2021-12-06 02:00:00,,0.0,0.68005,,Standby,99,0.0,4.43,4.922,,,,,,ON,Automatic water heating function used,Not heating,,,,,,,,,,,
56,2021-12-06 02:30:00,,0.0,0.4502,,Standby,99,0.0,4.43,4.922,,,,,,ON,Automatic water heating function used,Not heating,,,,,,,,,,,
57,2021-12-06 03:00:00,,0.0,0.66815,,Standby,99,0.0,4.43,4.922,,,,,,ON,Automatic water heating function used,Heating,,,,,,,,,,,
58,2021-12-06 03:30:00,,0.0,0.98335,,Standby,99,0.0,4.43,4.922,,,,,,ON,Automatic water heating function used,Heating,,,,,,,,,,,
59,2021-12-06 04:00:00,,0.0,0.97175,,Standby,99,0.0,4.43,4.922,,,,,,ON,Automatic water heating function used,Heating,,,,,,,,,,,
60,2021-12-06 04:30:00,,0.0,0.95575,,Standby,99,0.0,4.43,4.922,,,,,,ON,Automatic water heating function used,Heating,,,,,,,,,,,
61,2021-12-06 05:00:00,,0.0,0.91435,,Standby,99,0.0,4.43,4.922,,,,,,ON,Automatic water heating function used,Heating,,,,,,,,,,,
62,2021-12-06 05:30:00,,0.0,0.9057,,Standby,99,0.0,4.43,4.922,,,,,,ON,Automatic water heating function used,Heating,,,,,,,,,,,
63,2021-12-06 06:00:00,,0.0,0.88025,,Standby,99,0.0,4.43,4.922,,,,,,ON,Automatic water heating function used,Heating,,,,,,,,,,,
64,2021-12-06 06:30:00,,0.0,1.21135,,Standby,99,0.0,4.43,4.922,,,,,,ON,Automatic water heating function used,Heating,,,,,,,,,,,
65,2021-12-06 07:00:00,,0.0,0.88595,,Standby,99,0.0,4.43,4.922,,,,,,ON,Automatic water heating function used,Heating,,,,,,,,,,,
66,2021-12-06 07:30:00,,0.001,0.67645,,Standby,99,0.0,4.43,4.922,,,,,,ON,Automatic water heating function used,Not heating,,,,,,,,,,,
67,2021-12-06 08:00:00,,0.0292,0.35965,,Standby,99,0.0,4.43,4.922,,,,,,ON,Automatic water heating function used,Not heating,,,,,,,,,,,
68,2021-12-06 08:30:00,,0.1512,0.2436,,Standby,99,0.0,4.43,4.922,,,,,,ON,Automatic water heating function used,Not heating,,,,,,,,,,,
69,2021-12-06 09:00:00,0.36,0.2012,0.19315,,Standby,99,0.0,4.43,4.922,,,,,,ON,Automatic water heating function used,Not heating,,,,,,,,,,,
71,2021-12-06 09:30:00,0.435,0.3192,0.02015,,Standby,98,0.108,4.385,4.873,,,,,,ON,Automatic water heating function used,Not heating,,,,,,,,,,,
72,2021-12-06 10:00:00,0.585,0.7869,-0.40225,,Standby,97,0.162,4.34,4.823,0,0.0,0.0,0.0,,ON,Automatic water heating function used,Not heating,,,,,,,,,,,
73,2021-12-06 10:30:00,0.64,0.87645,-0.52535,,Standby,97,0.162,4.34,4.823,,,,,,ON,Automatic water heating function used,Not heating,,,,,,,,,,,
74,2021-12-06 11:00:00,0.75,1.27305,-0.9219,,Standby,97,0.162,4.34,4.823,,,,,,ON,Automatic water heating function used,Not heating,,,,,,,,,,,
75,2021-12-06 11:30:00,0.78,1.5812,-1.31925,,Standby,96,0.216,4.296,4.773,,,,,,ON,Automatic water heating function used,Not heating,,,,,,,,,,,
76,2021-12-06 12:00:00,0.84,1.5667,-1.3727,,Standby,96,0.216,4.296,4.773,,,,,,ON,Automatic water heating function used,Not heating,,,,,,,,,,,
77,2021-12-06 12:30:00,0.86,1.12025,-0.95485,,Standby,96,0.216,4.296,4.773,,,,,,ON,Automatic water heating function used,Not heating,,,,,,,,,,,
78,2021-12-06 13:00:00,0.91,1.1775,-1.05555,,Standby,96,0.216,4.296,4.773,,,,,,ON,Automatic water heating function used,Not heating,,,,,,,,,,,
79,2021-12-06 13:30:00,0.955,1.3602,-1.23045,,Standby,96,0.216,4.296,4.773,,,,,,ON,Automatic water heating function used,Not heating,,,,,,,,,,,
80,2021-12-06 14:00:00,1.055,1.4327,-1.21605,,Standby,96,0.216,4.296,4.773,,,,,,ON,Automatic water heating function used,Not heating,,,,,,,,,,,
81,2021-12-06 14:30:00,0.995,1.3269,-1.20575,,Standby,96,0.216,4.296,4.773,,,,,,ON,Automatic water heating function used,Not heating,,,,,,,,,,,
82,2021-12-06 15:00:00,0.88,1.1041,-0.9732,,Standby,96,0.216,4.296,4.773,,,,,,ON,Automatic water heating function used,Not heating,,,,,,,,,,,
83,2021-12-06 15:30:00,0.635,0.90075,-0.78065,,Standby,96,0.216,4.296,4.773,,,,,,ON,Automatic water heating function used,Not heating,,,,,,,,,,,
84,2021-12-06 16:00:00,0.515,0.5975,-0.47745,,Standby,96,0.216,4.296,4.773,,,,,,ON,Automatic water heating function used,Not heating,,,,,,,,,,,
85,2021-12-06 16:30:00,0.255,0.30195,-0.1778,,Standby,96,0.216,4.296,4.773,,,,,,ON,Automatic water heating function used,Not heating,,,,,,,,,,,
86,2021-12-06 17:00:00,0.125,0.0818,0.0264,,Discharging,96,0.216,4.296,4.773,,,,,,ON,Automatic water heating function used,Not heating,,,,,,,,,,,
87,2021-12-06 17:30:00,0.04,0.001,0.05045,,Discharging,92,0.432,4.117,4.574,,,,,,ON,Automatic water heating function used,Not heating,,,,,,,,,,,
88,2021-12-06 18:00:00,0.0,0.0,0.08525,,Discharging,81,1.026,3.624,4.027,,,,,,ON,Automatic water heating function used,Not heating,,,,,,,,,,,
89,2021-12-06 18:30:00,0.0,0.0,0.05425,,Discharging,73,1.459,3.266,3.629,,,,,,ON,Automatic water heating function used,Not heating,,,,,,,,,,,
90,2021-12-06 19:00:00,0.0,0.0,0.0502,,Discharging,67,1.783,2.998,3.331,,,,,,ON,Automatic water heating function used,Not heating,,,,,,,,,,,
91,2021-12-06 19:30:00,0.0,0.0,0.04845,,Discharging,63,1.999,2.819,3.132,,,,,,ON,Automatic water heating function used,Not heating,,,,,,,,,,,
92,2021-12-06 20:00:00,0.0,0.0,0.0479,,Discharging,56,2.377,2.506,2.784,,,,,,ON,Automatic water heating function used,Not heating,,,,,,,,,,,
93,2021-12-06 20:30:00,0.0,0.0,0.04775,,Discharging,50,2.702,2.237,2.486,,,,,,ON,Automatic water heating function used,Not heating,,,,,,,,,,,
94,2021-12-06 21:00:00,0.0,0.0,0.0972,,Discharging,34,3.566,1.521,1.69,,,,,,ON,Automatic water heating function used,Not heating,,,,,,,,,,,
95,2021-12-06 21:30:00,0.0,0.0,0.57385,,Standby,32,3.674,1.432,1.591,,,,,,ON,Automatic water heating function used,Not heating,,,,,,,,,,,
96,2021-12-06 22:00:00,0.0,0.0,0.5343,,Standby,32,3.674,1.432,1.591,,,,,,ON,Automatic water heating function used,Not heating,,,,,,,,,,,
97,2021-12-06 22:30:00,0.0,0.0,0.88575,,Charging,37,3.404,1.655,1.839,,,,,,ON,Automatic water heating function used,Not heating,,,,,,,,,,,
98,2021-12-06 23:00:00,0.0,0.0,1.02665,,Charging,47,2.864,2.103,2.337,,,,,,ON,Automatic water heating function used,Not heating,,,,,,,,,,,
99,2021-12-06 23:30:00,0.0,0.0,0.99925,,Charging,58,2.269,2.595,2.884,,,,,,ON,Automatic water heating function used,Not heating,,,,,,,,,,,
100,2021-12-07 00:00:00,0.0,0.0,0.98715,,Charging,68,1.729,3.043,3.381,,,,,,ON,Automatic water heating function used,Not heating,,,,,,,,,,,
101,2021-12-07 00:30:00,0.0,0.0,1.00785,,Charging,78,1.188,3.49,3.878,,,,,,ON,Automatic water heating function used,Not heating,,,,,,,,,,,
102,2021-12-07 01:00:00,0.0,0.0,1.0182,,Charging,88,0.648,3.938,4.375,,,,,,ON,Automatic water heating function used,Not heating,,,,,,,,,,,
103,2021-12-07 01:30:00,0.0,0.0,0.99985,,Charging,98,0.108,4.385,4.873,,,,,,ON,Automatic water heating function used,Not heating,,,,,,,,,,,
104,2021-12-07 02:00:00,0.0,0.0,0.88325,,Standby,99,0.0,4.43,4.922,,,,,,ON,Automatic water heating function used,Heating,,,,,,,,,,,
105,2021-12-07 02:30:00,0.0,0.0,1.01085,,Standby,99,0.0,4.43,4.922,,,,,,ON,Automatic water heating function used,Heating,,,,,,,,,,,
106,2021-12-07 03:00:00,0.0,0.0,0.9838,,Standby,99,0.0,4.43,4.922,,,,,,ON,Automatic water heating function used,Heating,,,,,,,,,,,
107,2021-12-07 03:30:00,0.0,0.0,0.9876,,Standby,99,0.0,4.43,4.922,,,,,,ON,Automatic water heating function used,Heating,,,,,,,,,,,
108,2021-12-07 04:00:00,0.0,0.0,0.9767,,Standby,99,0.0,4.43,4.922,,,,,,ON,Automatic water heating function used,Heating,,,,,,,,,,,
109,2021-12-07 04:30:00,0.0,0.0,0.93005,,Standby,99,0.0,4.43,4.922,,,,,,ON,Automatic water heating function used,Heating,,,,,,,,,,,
110,2021-12-07 05:00:00,0.0,0.0,0.97605,,Charging,99,0.0,4.43,4.922,,,,,,ON,Automatic water heating function used,Heating,,,,,,,,,,,
111,2021-12-07 05:30:00,0.0,0.0,0.92015,,Standby,99,0.0,4.43,4.922,,,,,,ON,Automatic water heating function used,Heating,,,,,,,,,,,
112,2021-12-07 06:00:00,0.0,0.0,0.88165,,Standby,99,0.0,4.43,4.922,,,,,,ON,Automatic water heating function used,Heating,,,,,,,,,,,
113,2021-12-07 06:30:00,0.0,0.0,1.12305,,Standby,99,0.0,4.43,4.922,,,,,,ON,Automatic water heating function used,Heating,,,,,,,,,,,
114,2021-12-07 07:00:00,0.0,0.0,0.48505,,Standby,99,0.0,4.43,4.922,,,,,,ON,Automatic water heating function used,Not heating,,,,,,,,,,,
115,2021-12-07 07:30:00,0.03,0.01305,0.43805,,Standby,99,0.0,4.43,4.922,,,,,,ON,Automatic water heating function used,Not heating,,,,,,,,,,,
116,2021-12-07 08:00:00,0.09,0.0695,0.33535,,Standby,99,0.0,4.43,4.922,,,,,,ON,Automatic water heating function used,Not heating,,,,,,,,,,,
117,2021-12-07 08:30:00,0.215,0.6526,-0.14915,,Standby,99,0.0,4.43,4.922,,,,,,ON,Automatic water heating function used,Not heating,,,,,,,,,,,
118,2021-12-07 09:00:00,0.47,0.9204,-0.53345,,Standby,99,0.0,4.43,4.922,,,,,,ON,Automatic water heating function used,Not heating,,,,,,,,,,,
119,2021-12-07 09:30:00,0.595,1.16905,-0.77745,,Standby,99,0.0,4.43,4.922,,,,,,ON,Automatic water heating function used,Not heating,,,,,,,,,,,
120,2021-12-07 10:00:00,0.85,1.3459,-1.0116,,Standby,99,0.0,4.43,4.922,,,,,,ON,Automatic water heating function used,Not heating,,,,,,,,,,,
121,2021-12-07 10:30:00,0.94,1.4757,-1.30655,,Standby,99,0.0,4.43,4.922,,,,,,ON,Automatic water heating function used,Not heating,,,,,,,,,,,
122,2021-12-07 11:00:00,1.12,1.5647,-1.34605,,Standby,99,0.0,4.43,4.922,,,,,,ON,Automatic water heating function used,Not heating,,,,,,,,,,,
123,2021-12-07 11:30:00,1.16,1.6305,-1.4759,,Standby,99,0.0,4.43,4.922,,,,,,ON,Automatic water heating function used,Not heating,,,,,,,,,,,
124,2021-12-07 12:00:00,1.25,1.6871,-1.53645,0.235,Standby,99,0.0,4.43,4.922,,,,,,ON,Automatic water heating function used,Not heating,,,,,,,,,,,
125,2021-12-07 12:30:00,1.235,1.5688,-1.44785,0.31,Standby,99,0.0,4.43,4.922,,,,,,ON,Automatic water heating function used,Not heating,,,,,,,,,,,
126,2021-12-07 13:00:00,1.21,1.4786,-1.28475,0.375,Standby,99,0.0,4.43,4.922,,,,,,ON,Automatic water heating function used,Not heating,,,,,,,,,,,
127,2021-12-07 13:30:00,1.07,1.3281,-1.1683,0.35,Standby,99,0.0,4.43,4.922,,,,,,ON,Automatic water heating function used,Not heating,,,,,,,,,,,
128,2021-12-07 14:00:00,0.995,1.1665,-1.01055,0.31,Standby,99,0.0,4.43,4.922,,,,,,ON,Automatic water heating function used,Not heating,,,,,,,,,,,
129,2021-12-07 14:30:00,0.875,0.3988,-0.27175,0.275,Standby,99,0.0,4.43,4.922,,,,,,ON,Automatic water heating function used,Not heating,,,,,,,,,,,
130,2021-12-07 15:00:00,0.635,0.17935,-0.04335,0.245,Standby,99,0.0,4.43,4.922,,,,,,ON,Automatic water heating function used,Not heating,,,,,,,,,,,
131,2021-12-07 15:30:00,0.445,0.18395,-0.05105,0.25,Standby,98,0.108,4.385,4.873,,,,,,ON,Automatic water heating function used,Not heating,,,,,,,,,,,
132,2021-12-07 16:00:00,0.35,0.34455,-0.2156,0.24,Standby,98,0.108,4.385,4.873,,,,,,ON,Automatic water heating function used,Not heating,,,,,,,,,,,
133,2021-12-07 16:30:00,0.18,0.2705,-0.14225,0.225,Standby,98,0.108,4.385,4.873,,,,,,ON,Automatic water heating function used,Not heating,,,,,,,,,,,
134,2021-12-07 17:00:00,0.09,0.0157,0.1157,0.195,Standby,98,0.108,4.385,4.873,,,,,,ON,Automatic water heating function used,Not heating,,,,,,,,,,,
135,2021-12-07 17:30:00,0.03,0.0,0.24905,0.11,Standby,98,0.108,4.385,4.873,,,,,,ON,Automatic water heating function used,Not heating,,,,,,,,,,,
136,2021-12-07 18:00:00,0.0,0.0,0.3848,0.1,Standby,96,0.216,4.296,4.773,,,,,,ON,Automatic water heating function used,Not heating,,,,,,,,,,,
137,2021-12-07 18:30:00,0.0,0.0,0.38845,0.155,Standby,93,0.378,4.161,4.624,,,,,,ON,Automatic water heating function used,Not heating,,,,,,,,,,,
138,2021-12-07 19:00:00,0.0,0.0,0.33885,0.24,Standby,88,0.648,3.938,4.375,,,,,,ON,Automatic water heating function used,Not heating,,,,,,,,,,,
139,2021-12-07 19:30:00,0.0,0.0,0.17165,0.255,Discharging,83,0.918,3.714,4.127,,,,,,ON,Automatic water heating function used,Not heating,,,,,,,,,,,
140,2021-12-07 20:00:00,0.0,0.0,0.12065,0.305,Discharging,77,1.242,3.445,3.828,,,,,,ON,Automatic water heating function used,Not heating,,,,,,,,,,,
141,2021-12-07 20:30:00,0.0,0.0,0.1608,0.375,Discharging,69,1.675,3.087,3.431,,,,,,ON,Automatic water heating function used,Not heating,,,,,,,,,,,
142,2021-12-07 21:00:00,0.0,0.0,0.04795,0.485,Discharging,60,2.161,2.685,2.983,,,,,,ON,Automatic water heating function used,Not heating,,,,,,,,,,,
289,2021-12-07 21:30:00,,0.0,0.25505,0.585,Discharging,46,2.918,2.058,2.287,,,,,,ON,Automatic water heating function used,Not heating,,,,,,,,,,,
290,2021-12-07 22:00:00,,0.0,0.0489,0.545,Discharging,35,3.512,1.566,1.74,,,,,,ON,Automatic water heating function used,Not heating,,,,,,,,,,,
291,2021-12-07 22:30:00,,0.0,0.1988,0.49,Standby,23,4.161,1.029,1.143,,,,,,ON,Automatic water heating function used,Not heating,,,,,,,,,,,
292,2021-12-07 23:00:00,,0.0,0.48145,0.72,Standby,23,4.161,1.029,1.143,,,,,,ON,Automatic water heating function used,Not heating,,,,,,,,,,,
293,2021-12-07 23:30:00,,0.0,0.44785,0.85,Standby,24,4.107,1.074,1.193,,,,,,ON,Automatic water heating function used,Not heating,,,,,,,,,,,
294,2021-12-08 00:00:00,,0.0,0.46015,0.81,Standby,25,4.053,1.118,1.243,,,,,,ON,Automatic water heating function used,Not heating,,,,,,,,,,,
295,2021-12-08 00:30:00,,0.0,0.50255,0.85,Standby,25,4.053,1.118,1.243,,,,,,ON,Automatic water heating function used,Not heating,,,,,,,,,,,
296,2021-12-08 01:00:00,,0.0,0.50955,0.85,Standby,25,4.053,1.118,1.243,,,,,,ON,Automatic water heating function used,Not heating,,,,,,,,,,,
297,2021-12-08 01:30:00,,0.0,0.5399,0.805,Charging,25,4.053,1.118,1.243,,,,,,ON,Automatic water heating function used,Not heating,,,,,,,,,,,
298,2021-12-08 02:00:00,,0.0,0.71175,0.43,Charging,26,3.998,1.163,1.292,,,,,,ON,Automatic water heating function used,Heating,,,,,,,,,,,
299,2021-12-08 02:30:00,,0.0,1.33325,0.41,Standby,34,3.566,1.521,1.69,,,,,,ON,Automatic water heating function used,Heating,,,,,,,,,,,
300,2021-12-08 03:00:00,,0.0,0.9458,0.45,Standby,36,3.458,1.611,1.79,,,,,,ON,Automatic water heating function used,Heating,,,,,,,,,,,
301,2021-12-08 03:30:00,,0.0,0.93955,0.495,Standby,38,3.35,1.7,1.889,,,,,,ON,Automatic water heating function used,Heating,,,,,,,,,,,
302,2021-12-08 04:00:00,,0.0,0.91875,0.56,Discharging,38,3.35,1.7,1.889,,,,,,ON,Automatic water heating function used,Heating,,,,,,,,,,,
303,2021-12-08 04:30:00,,0.0,0.26035,0.595,Discharging,23,4.161,1.029,1.143,,,,,,ON,Automatic water heating function used,Heating,,,,,,,,,,,
304,2021-12-08 05:00:00,,0.0,0.67085,0.64,Standby,17,4.485,0.76,0.845,,,,,,ON,Automatic water heating function used,Heating,,,,,,,,,,,
305,2021-12-08 05:30:00,,0.0,0.91095,0.65,Charging,16,4.539,0.716,0.795,,,,,,ON,Automatic water heating function used,Heating,,,,,,,,,,,
306,2021-12-08 06:00:00,,0.0,1.07335,0.71,Charging,19,4.377,0.85,0.944,,,,,,ON,Automatic water heating function used,Heating,,,,,,,,,,,
307,2021-12-08 06:30:00,,0.0,1.2745,0.845,Discharging,22,4.215,0.984,1.093,,,,,,ON,Automatic water heating function used,Heating,,,,,,,,,,,
308,2021-12-08 07:00:00,,0.0,0.05705,0.47,Standby,4,5.187,0.179,0.198,,,,,,ON,Automatic water heating function used,Heating,,,,,,,,,,,
309,2021-12-08 07:30:00,,0.0135,0.85715,0.44,Standby,4,5.187,0.179,0.198,,,,,,ON,Automatic water heating function used,Heating,,,,,,,,,,,
310,2021-12-08 08:00:00,,0.076,0.37775,0.355,Standby,6,5.079,0.268,0.298,,,,,,ON,Automatic water heating function used,Not heating,,,,,,,,,,,
311,2021-12-08 08:30:00,,0.28215,0.17855,0.41,Standby,7,5.025,0.313,0.348,,,,,,ON,Automatic water heating function used,Not heating,,,,,,,,,,,
312,2021-12-08 09:00:00,,0.22475,0.22395,0.375,Standby,8,4.971,0.358,0.397,,,,,,ON,Automatic water heating function used,Not heating,,,,,,,,,,,
313,2021-12-08 09:30:00,,0.2881,0.14025,0.27,Standby,8,4.971,0.358,0.397,,,,,,ON,Automatic water heating function used,Not heating,,,,,,,,,,,
314,2021-12-08 10:00:00,,0.26445,0.79215,0.25,Standby,22,4.215,0.984,1.093,,,,,,ON,Automatic water heating function used,Not heating,,,,,,,,,,,
315,2021-12-08 10:30:00,,0.7424,-0.3904,0.26,Standby,21,4.269,0.939,1.044,,,,,,ON,Automatic water heating function used,Not heating,,,,,,,,,,,
316,2021-12-08 11:00:00,,1.154,-0.56795,0.27,Standby,29,3.836,1.297,1.442,,,,,,ON,Automatic water heating function used,Not heating,,,,,,,,,,,
317,2021-12-08 11:30:00,,1.16585,-1.14325,0.235,Standby,30,3.782,1.342,1.491,,,,,,ON,Automatic water heating function used,Not heating,,,,,,,,,,,
318,2021-12-08 12:00:00,,1.3036,-1.1311,0.31,Charging,31,3.728,1.387,1.541,,,,,,ON,Automatic water heating function used,Not heating,,,,,,,,,,,
319,2021-12-08 12:30:00,,0.87615,0.38435,0.375,Charging,49,2.756,2.192,2.436,,,,,,ON,Automatic water heating function used,Not heating,,,,,,,,,,,
320,2021-12-08 13:00:00,,0.59015,0.5352,0.35,Charging,68,1.729,3.043,3.381,,,,,,ON,Automatic water heating function used,Not heating,,,,,,,,,,,
321,2021-12-08 13:30:00,,0.8222,-0.6252,0.31,Charging,66,1.837,2.953,3.281,,,,,,ON,Automatic water heating function used,Not heating,,,,,,,,,,,
322,2021-12-08 14:00:00,,0.66395,-0.26405,0.275,Standby,70,1.621,3.132,3.48,,,,,,ON,Automatic water heating function used,Not heating,,,,,,,,,,,
323,2021-12-08 14:30:00,,0.88485,0.1369,0.245,Charging,86,0.756,3.848,4.276,,,,,,ON,Automatic water heating function used,Not heating,,,,,,,,,,,
324,2021-12-08 15:00:00,,0.9602,-0.50575,0.25,Charging,92,0.432,4.117,4.574,,,,,,ON,Automatic water heating function used,Not heating,,,,,,,,,,,
325,2021-12-08 15:30:00,,0.56885,-0.0444,0.24,Standby,98,0.108,4.385,4.873,,,,,,ON,Automatic water heating function used,Not heating,,,,,,,,,,,
326,2021-12-08 16:00:00,,0.5761,-0.43625,0.225,Standby,98,0.108,4.385,4.873,,,,,,ON,Automatic water heating function used,Not heating,,,,,,,,,,,
327,2021-12-08 16:30:00,,0.32795,-0.17445,0.195,Standby,97,0.162,4.34,4.823,,,,,,ON,Automatic water heating function used,Not heating,,,,,,,,,,,
328,2021-12-08 17:00:00,,0.0792,0.09585,0.11,Standby,97,0.162,4.34,4.823,,,,,,ON,Automatic water heating function used,Not heating,,,,,,,,,,,
329,2021-12-08 17:30:00,,0.0,0.20805,0.1,Discharging,97,0.162,4.34,4.823,,,,,,ON,Automatic water heating function used,Not heating,,,,,,,,,,,
330,2021-12-08 18:00:00,,0.0,0.15995,0.155,Discharging,94,0.324,4.206,4.674,,,,,,ON,Automatic water heating function used,Not heating,,,,,,,,,,,
331,2021-12-08 18:30:00,,0.0,0.3302,0.24,Discharging,90,0.54,4.027,4.475,,,,,,ON,Automatic water heating function used,Not heating,,,,,,,,,,,
332,2021-12-08 19:00:00,,0.0,0.04755,0.255,Discharging,85,0.81,3.803,4.226,,,,,,ON,Automatic water heating function used,Not heating,,,,,,,,,,,
333,2021-12-08 19:30:00,,0.0,0.0937,0.305,Discharging,78,1.188,3.49,3.878,,,,,,ON,Automatic water heating function used,Not heating,,,,,,,,,,,
334,2021-12-08 20:00:00,,0.0,0.04825,0.375,Discharging,73,1.459,3.266,3.629,,,,,,ON,Automatic water heating function used,Not heating,,,,,,,,,,,
335,2021-12-08 20:30:00,,0.0,0.04825,0.485,Discharging,65,1.891,2.908,3.232,,,,,,ON,Automatic water heating function used,Not heating,,,,,,,,,,,
336,2021-12-08 21:00:00,,0.0,0.04835,0.585,Discharging,57,2.323,2.55,2.834,,,,,,ON,Automatic water heating function used,Not heating,,,,,,,,,,,
337,2021-12-08 21:30:00,,0.0,0.1067,0.545,Charging,43,3.08,1.924,2.138,,,,,,ON,Automatic water heating function used,Not heating,,,,,,,,,,,
338,2021-12-08 22:00:00,,0.0,0.86735,0.49,Charging,49,2.756,2.192,2.436,,,,,,ON,Automatic water heating function used,Not heating,,,,,,,,,,,
339,2021-12-08 22:30:00,,0.0,0.80205,0.72,Charging,58,2.269,2.595,2.884,,,,,,ON,Automatic water heating function used,Not heating,,,,,,,,,,,
340,2021-12-08 23:00:00,,0.0,0.63415,0.85,Standby,60,2.161,2.685,2.983,,,,,,ON,Automatic water heating function used,Not heating,,,,,,,,,,,
341,2021-12-08 23:30:00,,0.0,0.43105,0.84,Standby,60,2.161,2.685,2.983,,,,,,ON,Automatic water heating function used,Not heating,,,,,,,,,,,
415,2021-12-09 00:00:00,,0.0,0.43385,,Standby,60,2.161,2.685,2.983,,,,,,ON,Automatic water heating function used,Not heating,,,,,,,,,,,
416,2021-12-09 00:30:00,,0.0,0.44465,,Standby,59,2.215,2.64,2.933,,,,,,ON,Automatic water heating function used,Not heating,,,,,,,,,,,
417,2021-12-09 01:00:00,,0.0,0.44805,,Standby,60,2.161,2.685,2.983,,,,,,ON,Automatic water heating function used,Not heating,,,,,,,,,,,
418,2021-12-09 01:30:00,,0.0,0.51175,,Standby,60,2.161,2.685,2.983,,,,,,ON,Automatic water heating function used,Not heating,,,,,,,,,,,
419,2021-12-09 02:00:00,,0.0,0.49255,,Standby,61,2.107,2.729,3.033,,,,,,ON,Automatic water heating function used,Not heating,,,,,,,,,,,
420,2021-12-09 02:30:00,,0.0,1.26705,,Standby,66,1.837,2.953,3.281,,,,,,ON,Automatic water heating function used,Heating,,,,,,,,,,,
421,2021-12-09 03:00:00,,0.0,0.63615,,Discharging,59,2.215,2.64,2.933,,,,,,ON,Automatic water heating function used,Heating,,,,,,,,,,,
422,2021-12-09 03:30:00,,0.0,0.47825,,Discharging,49,2.756,2.192,2.436,,,,,,ON,Automatic water heating function used,Heating,,,,,,,,,,,
423,2021-12-09 04:00:00,,0.0,0.44575,,Discharging,38,3.35,1.7,1.889,,,,,,ON,Automatic water heating function used,Heating,,,,,,,,,,,
424,2021-12-09 04:30:00,,0.0,0.29395,,Discharging,23,4.161,1.029,1.143,,,,,,ON,Automatic water heating function used,Heating,,,,,,,,,,,
425,2021-12-09 05:00:00,,0.0,0.4963,,Charging,12,4.755,0.537,0.596,,,,,,ON,Automatic water heating function used,Heating,,,,,,,,,,,
426,2021-12-09 05:30:00,,0.0,1.15005,,Standby,16,4.539,0.716,0.795,,,,,,ON,Automatic water heating function used,Heating,,,,,,,,,,,
427,2021-12-09 06:00:00,,0.0,1.1169,,Charging,20,4.323,0.895,0.994,,,,,,ON,Automatic water heating function used,Heating,,,,,,,,,,,
428,2021-12-09 06:30:00,,0.0,1.2228,,Discharging,22,4.215,0.984,1.093,,,,,,ON,Automatic water heating function used,Heating,,,,,,,,,,,
429,2021-12-09 07:00:00,,0.0,0.06475,,Standby,2,5.295,0.0,0.099,,,,,,ON,Automatic water heating function used,Heating,,,,,,,,,,,
430,2021-12-09 07:30:00,,0.00805,0.86105,,Charging,3,5.241,0.134,0.149,,,,,,ON,Automatic water heating function used,Heating,,,,,,,,,,,
431,2021-12-09 08:00:00,,0.0484,0.44725,,Standby,7,5.025,0.313,0.348,,,,,,ON,Automatic water heating function used,Not heating,,,,,,,,,,,
432,2021-12-09 08:30:00,,0.6686,-0.21425,,Standby,7,5.025,0.313,0.348,,,,,,ON,Automatic water heating function used,Not heating,,,,,,,,,,,
433,2021-12-09 09:00:00,,0.9553,-0.48425,,Standby,8,4.971,0.358,0.397,,,,,,ON,Automatic water heating function used,Not heating,,,,,,,,,,,
434,2021-12-09 09:30:00,,1.1909,-0.82225,,Charging,8,4.971,0.358,0.397,,,,,,ON,Automatic water heating function used,Not heating,,,,,,,,,,,
435,2021-12-09 10:00:00,,1.34785,-0.30655,,Standby,23,4.161,1.029,1.143,,,,,,ON,Automatic water heating function used,Not heating,,,,,,,,,,,
436,2021-12-09 10:30:00,,1.51525,-1.32175,,Charging,22,4.215,0.984,1.093,,,,,,ON,Automatic water heating function used,Not heating,,,,,,,,,,,
437,2021-12-09 11:00:00,,1.5865,-0.6102,,Charging,39,3.296,1.745,1.939,,,,,,ON,Automatic water heating function used,Not heating,,,,,,,,,,,
438,2021-12-09 11:30:00,,1.6789,-1.45365,,Charging,41,3.188,1.834,2.038,,,,,,ON,Automatic water heating function used,Not heating,,,,,,,,,,,
439,2021-12-09 12:00:00,,1.68625,-0.63625,,Charging,59,2.215,2.64,2.933,,,,,,ON,Automatic water heating function used,Not heating,,,,,,,,,,,
440,2021-12-09 12:30:00,,1.6953,-0.54865,,Charging,77,1.242,3.445,3.828,,,,,,ON,Automatic water heating function used,Not heating,,,,,,,,,,,
441,2021-12-09 13:00:00,,1.63955,-0.49785,,Charging,95,0.27,4.251,4.723,,,,,,ON,Automatic water heating function used,Not heating,,,,,,,,,,,
442,2021-12-09 13:30:00,,1.58455,-1.16315,,Standby,98,0.108,4.385,4.873,,,,,,ON,Automatic water heating function used,Not heating,,,,,,,,,,,
443,2021-12-09 14:00:00,,1.4261,-1.24285,,Charging,98,0.108,4.385,4.873,,,,,,ON,Automatic water heating function used,Not heating,,,,,,,,,,,
444,2021-12-09 14:30:00,,1.32475,-1.06815,,Standby,99,0.0,4.43,4.922,,,,,,ON,Automatic water heating function used,Not heating,,,,,,,,,,,
445,2021-12-09 15:00:00,,1.14745,-0.9137,,Standby,99,0.0,4.43,4.922,,,,,,ON,Automatic water heating function used,Not heating,,,,,,,,,,,
446,2021-12-09 15:30:00,,0.88205,-0.727,,Standby,99,0.0,4.43,4.922,,,,,,ON,Automatic water heating function used,Not heating,,,,,,,,,,,
447,2021-12-09 16:00:00,,0.66545,-0.52615,,Standby,99,0.0,4.43,4.922,,,,,,ON,Automatic water heating function used,Not heating,,,,,,,,,,,
448,2021-12-09 16:30:00,,0.368,-0.2391,,Standby,99,0.0,4.43,4.922,,,,,,ON,Automatic water heating function used,Not heating,,,,,,,,,,,
449,2021-12-09 17:00:00,,0.072,0.06205,,Standby,99,0.0,4.43,4.922,,,,,,ON,Automatic water heating function used,Not heating,,,,,,,,,,,
450,2021-12-09 17:30:00,,0.0,0.2639,,Standby,99,0.0,4.43,4.922,,,,,,ON,Automatic water heating function used,Not heating,,,,,,,,,,,
451,2021-12-09 18:00:00,,0.0,0.5937,,Discharging,96,0.216,4.296,4.773,,,,,,ON,Automatic water heating function used,Not heating,,,,,,,,,,,
452,2021-12-09 18:30:00,,0.0,0.2773,,Standby,92,0.432,4.117,4.574,,,,,,ON,Automatic water heating function used,Not heating,,,,,,,,,,,
453,2021-12-09 19:00:00,,0.0,0.10785,,Standby,86,0.756,3.848,4.276,,,,,,ON,Automatic water heating function used,Not heating,,,,,,,,,,,
454,2021-12-09 19:30:00,,0.0,0.04875,,Discharging,80,1.08,3.58,3.978,,,,,,ON,Automatic water heating function used,Not heating,,,,,,,,,,,
455,2021-12-09 20:00:00,,0.0,0.04805,,Discharging,74,1.405,3.311,3.679,,,,,,ON,Automatic water heating function used,Not heating,,,,,,,,,,,
456,2021-12-09 20:30:00,,0.0,0.04815,,Discharging,67,1.783,2.998,3.331,,,,,,ON,Automatic water heating function used,Not heating,,,,,,,,,,,
457,2021-12-09 21:00:00,,0.0,0.04835,,Discharging,59,2.215,2.64,2.933,,,,,,ON,Automatic water heating function used,Not heating,,,,,,,,,,,
458,2021-12-09 21:30:00,,0.0,0.06515,,Standby,48,2.81,2.148,2.386,,,,,,ON,Automatic water heating function used,Not heating,,,,,,,,,,,
459,2021-12-09 22:00:00,,0.0,0.57525,,Charging,48,2.81,2.148,2.386,,,,,,ON,Automatic water heating function used,Not heating,,,,,,,,,,,
460,2021-12-09 22:30:00,,0.0,0.7222,,Standby,57,2.323,2.55,2.834,,,,,,ON,Automatic water heating function used,Not heating,,,,,,,,,,,
461,2021-12-09 23:00:00,,0.0,0.42815,,Discharging,57,2.323,2.55,2.834,,,,,,ON,Automatic water heating function used,Not heating,,,,,,,,,,,
462,2021-12-09 23:30:00,,0.0,0.6233,,Standby,57,2.323,2.55,2.834,,,,,,ON,Automatic water heating function used,Not heating,,,,,,,,,,,
463,2021-12-10 00:00:00,,0.0,0.485,,Standby,57,2.323,2.55,2.834,,,,,,ON,Automatic water heating function used,Not heating,,,,,,,,,,,
464,2021-12-10 00:30:00,,0.0,0.5055,,Charging,57,2.323,2.55,2.834,,,,,,ON,Automatic water heating function used,Not heating,,,,,,,,,,,
465,2021-12-10 01:00:00,,0.0,0.5064,,Charging,57,2.323,2.55,2.834,,,,,,ON,Automatic water heating function used,Not heating,,,,,,,,,,,
466,2021-12-10 01:30:00,,0.0,0.54015,,Charging,59,2.215,2.64,2.933,,,,,,ON,Automatic water heating function used,Not heating,,,,,,,,,,,
467,2021-12-10 02:00:00,,0.0,0.636,,Charging,61,2.107,2.729,3.033,,,,,,ON,Automatic water heating function used,Heating,,,,,,,,,,,
468,2021-12-10 02:30:00,,0.0,1.3595,,Standby,67,1.783,2.998,3.331,,,,,,ON,Automatic water heating function used,Heating,,,,,,,,,,,
469,2021-12-10 03:00:00,,0.0,0.9528,,Standby,66,1.837,2.953,3.281,,,,,,ON,Automatic water heating function used,Heating,,,,,,,,,,,
470,2021-12-10 03:30:00,,0.0,0.89635,,Discharging,65,1.891,2.908,3.232,,,,,,ON,Automatic water heating function used,Heating,,,,,,,,,,,
471,2021-12-10 04:00:00,,0.0,0.3718,,Standby,54,2.485,2.416,2.685,,,,,,ON,Automatic water heating function used,Heating,,,,,,,,,,,
472,2021-12-10 04:30:00,,0.0,0.8975,,Discharging,54,2.485,2.416,2.685,,,,,,ON,Automatic water heating function used,Heating,,,,,,,,,,,
473,2021-12-10 05:00:00,,0.0,0.63285,,Charging,48,2.81,2.148,2.386,,,,,,ON,Automatic water heating function used,Heating,,,,,,,,,,,
474,2021-12-10 05:30:00,,0.0,0.8982,,Discharging,48,2.81,2.148,2.386,,,,,,ON,Automatic water heating function used,Heating,,,,,,,,,,,
475,2021-12-10 06:00:00,,0.0,0.21795,,Discharging,33,3.62,1.476,1.64,,,,,,ON,Automatic water heating function used,Heating,,,,,,,,,,,
476,2021-12-10 06:30:00,,0.0,0.3548,,Discharging,16,4.539,0.716,0.795,,,,,,ON,Automatic water heating function used,Heating,,,,,,,,,,,
477,2021-12-10 07:00:00,,0.0,0.27275,,Charging,1,5.349,0.0,0.049,,,,,,ON,Automatic water heating function used,Heating,,,,,,,,,,,
478,2021-12-10 07:30:00,,0.0015,0.9509,,Charging,4,5.187,0.179,0.198,,,,,,ON,Automatic water heating function used,Heating,,,,,,,,,,,
479,2021-12-10 08:00:00,,0.0764,0.3887,,Standby,7,5.025,0.313,0.348,,,,,,ON,Automatic water heating function used,Not heating,,,,,,,,,,,
480,2021-12-10 08:30:00,,0.17685,0.23745,,Standby,8,4.971,0.358,0.397,,,,,,ON,Automatic water heating function used,Not heating,,,,,,,,,,,
481,2021-12-10 09:00:00,,0.51945,-0.02595,,Standby,8,4.971,0.358,0.397,,,,,,ON,Automatic water heating function used,Not heating,,,,,,,,,,,
482,2021-12-10 09:30:00,,0.65095,-0.30095,,Standby,8,4.971,0.358,0.397,,,,,,ON,Automatic water heating function used,Not heating,,,,,,,,,,,
483,2021-12-10 10:00:00,,0.8369,-0.6128,,Standby,8,4.971,0.358,0.397,,,,,,ON,Automatic water heating function used,Not heating,,,,,,,,,,,
484,2021-12-10 10:30:00,,1.141,-0.96265,,Standby,8,4.971,0.358,0.397,,,,,,ON,Automatic water heating function used,Not heating,,,,,,,,,,,
485,2021-12-10 11:00:00,,1.46275,-1.28435,,Standby,8,4.971,0.358,0.397,,,,,,ON,Automatic water heating function used,Not heating,,,,,,,,,,,
486,2021-12-10 11:30:00,,1.5481,-1.36735,,Standby,8,4.971,0.358,0.397,,,,,,ON,Automatic water heating function used,Not heating,,,,,,,,,,,
487,2021-12-10 12:00:00,,1.58905,-0.2902,,Standby,28,3.89,1.253,1.392,,,,,,ON,Automatic water heating function used,Not heating,,,,,,,,,,,
488,2021-12-10 12:30:00,,1.597,-0.30855,,Standby,48,2.81,2.148,2.386,,,,,,ON,Automatic water heating function used,Not heating,,,,,,,,,,,
489,2021-12-10 13:00:00,,1.5635,-0.30305,,Standby,67,1.783,2.998,3.331,,,,,,ON,Automatic water heating function used,Not heating,,,,,,,,,,,
490,2021-12-10 13:30:00,,1.5041,-0.27005,,Standby,84,0.864,3.759,4.176,,,,,,ON,Automatic water heating function used,Not heating,,,,,,,,,,,
491,2021-12-10 14:00:00,,1.4124,-1.04145,,Charging,86,0.756,3.848,4.276,,,,,,ON,Automatic water heating function used,Not heating,,,,,,,,,,,
492,2021-12-10 14:30:00,,1.25975,-0.42645,,Charging,97,0.162,4.34,4.823,,,,,,ON,Automatic water heating function used,Not heating,,,,,,,,,,,
493,2021-12-10 15:00:00,0.875,1.084,-0.73565,,Charging,98,0.108,4.385,4.873,,,,,,ON,Automatic water heating function used,Not heating,,,,,,,,,,,
494,2021-12-10 15:30:00,0.635,0.8619,-0.6233,,Charging,99,0.0,4.43,4.922,,,,,,ON,Automatic water heating function used,Not heating,,,,,,,,,,,
497,2021-12-10 16:00:00,,0.59885,-0.3068,,Standby,99,0.0,4.43,4.922,0,0.0,0.0,0.0,,ON,Automatic water heating function used,Not heating,,,,,,,,,,,
498,2021-12-10 16:30:00,,0.31815,-0.13295,,Standby,99,0.0,4.43,4.922,0,0.0,0.0,0.0,,ON,Automatic water heating function used,Not heating,,,,,,,,,,,
499,2021-12-10 17:00:00,,0.08455,0.03885,,Discharging,97,0.162,4.34,4.823,-2,0.162,-0.09,-0.099,,ON,Automatic water heating function used,Not heating,,,,,,,,,,,
500,2021-12-10 17:30:00,,0.00105,0.04765,,Discharging,92,0.432,4.117,4.574,-4,0.216,-0.179,-0.199,,ON,Automatic water heating function used,Not heating,,,,,,,,,,,
501,2021-12-10 18:00:00,0.0,0.0,0.06075,,Discharging,82,0.972,3.669,4.077,-9,0.486,-0.403,-0.447,,ON,Automatic water heating function used,Not heating,,,,,,,,,,,
502,2021-12-10 18:30:00,0.0,0.0,0.05465,,Discharging,73,1.459,3.266,3.629,-8,0.433,-0.358,-0.398,,ON,Automatic water heating function used,Not heating,,,,,,,,,,,
503,2021-12-10 19:00:00,0.0,0.0,0.05455,,Discharging,65,1.891,2.908,3.232,-6,0.324,-0.269,-0.298,,ON,Automatic water heating function used,Not heating,,,,,,,,,,,
504,2021-12-10 19:30:00,0.0,0.0,0.05445,,Discharging,61,2.107,2.729,3.033,-3,0.162,-0.135,-0.149,,ON,Automatic water heating function used,Not heating,,,,,,,,,,,
505,2021-12-10 20:00:00,0.0,0.0,0.049,,Discharging,56,2.377,2.506,2.784,-3,0.162,-0.134,-0.149,,ON,Automatic water heating function used,Not heating,,,,,,,,,,,
506,2021-12-10 20:30:00,0.0,0.0,0.04835,,Discharging,47,2.864,2.103,2.337,-7,0.379,-0.313,-0.348,,ON,Automatic water heating function used,Not heating,,,,,,,,,,,
507,2021-12-10 21:00:00,0.0,0.0,0.0505,,Discharging,39,3.296,1.745,1.939,-7,0.378,-0.313,-0.348,,ON,Automatic water heating function used,Not heating,,,,,,,,,,,
508,2021-12-10 21:30:00,0.0,0.0,0.6237,,Standby,39,3.296,1.745,1.939,0,0.0,0.0,0.0,,ON,Automatic water heating function used,Not heating,,,,,,,,,,,
509,2021-12-10 22:00:00,0.0,0.0,0.36815,,Standby,39,3.296,1.745,1.939,0,0.0,0.0,0.0,,ON,Automatic water heating function used,Not heating,,,,,,,,,,,
510,2021-12-10 22:30:00,0.0,0.0,0.6782,,Charging,47,2.864,2.103,2.337,7,-0.378,0.313,0.348,,ON,Automatic water heating function used,Not heating,,,,,,,,,,,
511,2021-12-10 23:00:00,0.0,0.0,0.7889,,Charging,57,2.323,2.55,2.834,9,-0.487,0.402,0.448,,ON,Automatic water heating function used,Not heating,,,,,,,,,,,
512,2021-12-10 23:30:00,0.0,0.0,0.90185,,Charging,67,1.783,2.998,3.331,9,-0.487,0.402,0.447,,ON,Automatic water heating function used,Not heating,,,,,,,,,,,
513,2021-12-11 00:00:00,0.0,0.0,0.9974,,Charging,77,1.242,3.445,3.828,,,,,,ON,Automatic water heating function used,Not heating,,,,,,,,,,,
514,2021-12-11 00:30:00,0.0,0.0,0.9043,,Charging,87,0.702,3.893,4.326,9,-0.486,0.403,0.448,,ON,Automatic water heating function used,Not heating,,,,,,,,,,,
515,2021-12-11 01:00:00,0.0,0.0,0.92565,,Charging,97,0.162,4.34,4.823,9,-0.486,0.402,0.448,,ON,Automatic water heating function used,Not heating,,,,,,,,,,,
516,2021-12-11 01:30:00,0.0,0.0,0.6154,,Standby,99,0.0,4.43,4.922,1,-0.108,0.045,0.049,,ON,Automatic water heating function used,Not heating,,,,,,,,,,,
517,2021-12-11 02:00:00,0.0,0.0,0.43465,,Standby,99,0.0,4.43,4.922,0,0.0,0.0,0.0,,ON,Automatic water heating function used,Not heating,,,,,,,,,,,
518,2021-12-11 02:30:00,0.0,0.0,0.42195,,Standby,99,0.0,4.43,4.922,0,0.0,0.0,0.0,,ON,Automatic water heating function used,Not heating,,,,,,,,,,,
519,2021-12-11 03:00:00,0.0,0.0,0.44455,,Standby,99,0.0,4.43,4.922,0,0.0,0.0,0.0,,ON,Automatic water heating function used,Not heating,,,,,,,,,,,
520,2021-12-11 03:30:00,0.0,0.0,0.37375,,Standby,99,0.0,4.43,4.922,0,0.0,0.0,0.0,,ON,Automatic water heating function used,Not heating,,,,,,,,,,,
521,2021-12-11 04:00:00,0.0,0.0,0.35815,,Standby,99,0.0,4.43,4.922,0,0.0,0.0,0.0,,ON,Automatic water heating function used,Not heating,,,,,,,,,,,
522,2021-12-11 04:30:00,0.0,0.0,0.3523,,Standby,99,0.0,4.43,4.922,0,0.0,0.0,0.0,,ON,Automatic water heating function used,Not heating,,,,,,,,,,,
523,2021-12-11 05:00:00,0.0,0.0,0.81985,,Standby,99,0.0,4.43,4.922,0,0.0,0.0,0.0,,ON,Automatic water heating function used,Heating,,,,,,,,,,,
524,2021-12-11 05:30:00,0.0,0.0,0.93755,,Standby,99,0.0,4.43,4.922,0,0.0,0.0,0.0,,ON,Automatic water heating function used,Heating,,,,,,,,,,,
525,2021-12-11 06:00:00,0.0,0.0,0.94675,,Standby,99,0.0,4.43,4.922,0,0.0,0.0,0.0,,ON,Automatic water heating function used,Heating,,,,,,,,,,,
526,2021-12-11 06:30:00,0.0,0.0,0.91855,,Standby,99,0.0,4.43,4.922,0,0.0,0.0,0.0,,ON,Automatic water heating function used,Heating,,,,,,,,,,,
527,2021-12-11 07:00:00,0.0,0.0,0.9368,,Standby,99,0.0,4.43,4.922,0,0.0,0.0,0.0,,ON,Automatic water heating function used,Heating,,,,,,,,,,,
528,2021-12-11 07:30:00,0.025,0.01105,1.09055,,Standby,99,0.0,4.43,4.922,0,0.0,0.0,0.0,,ON,Automatic water heating function used,Heating,,,,,,,,,,,
529,2021-12-11 08:00:00,0.07,0.07315,0.61855,,Standby,99,0.0,4.43,4.922,0,0.0,0.0,0.0,,ON,Automatic water heating function used,Not heating,,,,,,,,,,,
530,2021-12-11 08:30:00,0.17,0.62015,-0.0727,,Standby,99,0.0,4.43,4.922,0,0.0,0.0,0.0,,ON,Automatic water heating function used,Not heating,,,,,,,,,,,
531,2021-12-11 09:00:00,0.4,0.93965,-0.32455,,Standby,99,0.0,4.43,4.922,0,0.0,0.0,0.0,,ON,Automatic water heating function used,Not heating,,,,,,,,,,,
532,2021-12-11 09:30:00,0.5,1.0912,-0.52335,,Standby,99,0.0,4.43,4.922,0,0.0,0.0,0.0,,ON,Automatic water heating function used,Not heating,,,,,,,,,,,
533,2021-12-11 10:00:00,0.7,1.23585,-0.5972,,Standby,99,0.0,4.43,4.922,0,0.0,0.0,0.0,,ON,Automatic water heating function used,Not heating,,,,,,,,,,,
534,2021-12-11 10:30:00,0.76,1.39915,-0.93215,,Standby,98,0.108,4.385,4.873,-1,0.108,-0.045,-0.049,,ON,Automatic water heating function used,Not heating,,,,,,,,,,,
535,2021-12-11 11:00:00,0.88,1.48365,-1.12905,,Standby,98,0.108,4.385,4.873,0,0.0,0.0,0.0,,ON,Automatic water heating function used,Not heating,,,,,,,,,,,
536,2021-12-11 11:30:00,0.925,1.57675,-1.27355,,Standby,98,0.108,4.385,4.873,0,0.0,0.0,0.0,,ON,Automatic water heating function used,Not heating,,,,,,,,,,,
537,2021-12-11 12:00:00,1.1,1.6054,-1.36545,,Standby,98,0.108,4.385,4.873,0,0.0,0.0,0.0,,ON,Automatic water heating function used,Not heating,,,,,,,,,,,
538,2021-12-11 12:30:00,1.1,1.6003,-1.0753,,Standby,98,0.108,4.385,4.873,0,0.0,0.0,0.0,,ON,Automatic water heating function used,Not heating,,,,,,,,,,,
539,2021-12-11 13:00:00,1.095,1.556,-1.23385,,Standby,98,0.108,4.385,4.873,0,0.0,0.0,0.0,,ON,Automatic water heating function used,Not heating,,,,,,,,,,,
540,2021-12-11 13:30:00,1.07,1.46765,-1.21425,,Standby,98,0.108,4.385,4.873,0,0.0,0.0,0.0,,ON,Automatic water heating function used,Not heating,,,,,,,,,,,
541,2021-12-11 14:00:00,1.02,1.3722,-1.13105,,Standby,98,0.108,4.385,4.873,0,0.0,0.0,0.0,,ON,Automatic water heating function used,Not heating,,,,,,,,,,,
542,2021-12-11 14:30:00,0.88,1.22475,-0.93,,Standby,98,0.108,4.385,4.873,0,0.0,0.0,0.0,,ON,Automatic water heating function used,Not heating,,,,,,,,,,,
543,2021-12-11 15:00:00,0.74,1.0376,-0.7566,,Standby,98,0.108,4.385,4.873,0,0.0,0.0,0.0,,ON,Automatic water heating function used,Not heating,,,,,,,,,,,
544,2021-12-11 15:30:00,0.555,0.817,-0.33975,,Standby,98,0.108,4.385,4.873,0,0.0,0.0,0.0,,ON,Automatic water heating function used,Not heating,,,,,,,,,,,
545,2021-12-11 16:00:00,0.46,0.37655,-0.0873,,Standby,97,0.162,4.34,4.823,-2,0.108,-0.089,-0.1,,ON,Automatic water heating function used,Not heating,,,,,,,,,,,
546,2021-12-11 16:30:00,0.23,0.21925,-0.00755,,Discharging,94,0.324,4.206,4.674,-2,0.108,-0.09,-0.099,,ON,Automatic water heating function used,Not heating,,,,,,,,,,,
547,2021-12-11 17:00:00,0.12,0.0683,0.0417,,Discharging,93,0.378,4.161,4.624,-1,0.054,-0.045,-0.05,,ON,Automatic water heating function used,Not heating,,,,,,,,,,,
548,2021-12-11 17:30:00,0.04,0.0006,0.04815,,Discharging,87,0.702,3.893,4.326,-8,0.432,-0.358,-0.398,,ON,Automatic water heating function used,Heating,,,,,,,,,,,
549,2021-12-11 18:00:00,0.0,0.0,0.17485,,Discharging,69,1.675,3.087,3.431,-15,0.811,-0.671,-0.746,,ON,Automatic water heating function used,Heating,,,,,,,,,,,
550,2021-12-11 18:30:00,0.0,0.0,0.05245,,Discharging,50,2.702,2.237,2.486,-13,0.703,-0.582,-0.646,,ON,Automatic water heating function used,Heating,,,,,,,,,,,
551,2021-12-11 19:00:00,0.0,0.0,0.0479,,Discharging,45,2.972,2.013,2.237,-4,0.216,-0.179,-0.199,,ON,Automatic water heating function used,Not heating,,,,,,,,,,,
552,2021-12-11 19:30:00,0.0,0.0,0.0481,,Discharging,41,3.188,1.834,2.038,-3,0.162,-0.135,-0.149,,ON,Automatic water heating function used,Not heating,,,,,,,,,,,
553,2021-12-11 20:00:00,0.0,0.0,0.04805,,Discharging,37,3.404,1.655,1.839,-5,0.27,-0.224,-0.249,,ON,Automatic water heating function used,Not heating,,,,,,,,,,,
554,2021-12-11 20:30:00,0.0,0.0,0.0481,,Discharging,32,3.674,1.432,1.591,-3,0.162,-0.134,-0.149,,ON,Automatic water heating function used,Not heating,,,,,,,,,,,
555,2021-12-11 21:00:00,0.0,0.0,0.24135,,Standby,29,3.836,1.297,1.442,-1,0.054,-0.045,-0.049,,ON,Automatic water heating function used,Not heating,,,,,,,,,,,
556,2021-12-11 21:30:00,0.0,0.0,0.32415,,Standby,29,3.836,1.297,1.442,0,0.0,0.0,0.0,,ON,Automatic water heating function used,Not heating,,,,,,,,,,,
557,2021-12-11 22:00:00,0.0,0.0,0.4605,,Standby,27,3.944,1.208,1.342,0,0.0,0.0,0.0,,ON,Automatic water heating function used,Not heating,,,,,,,,,,,
558,2021-12-11 22:30:00,0.0,0.0,0.87415,,Charging,33,3.62,1.476,1.64,7,-0.378,0.313,0.348,,ON,Automatic water heating function used,Not heating,,,,,,,,,,,
559,2021-12-11 23:00:00,0.0,0.0,1.01325,,Charging,43,3.08,1.924,2.138,9,-0.486,0.402,0.447,,ON,Automatic water heating function used,Not heating,,,,,,,,,,,
560,2021-12-11 23:30:00,0.0,0.0,0.99885,,Charging,53,2.539,2.371,2.635,9,-0.487,0.403,0.447,,ON,Automatic water heating function used,Not heating,,,,,,,,,,,
561,2021-12-12 00:00:00,0.0,0.0,0.97765,,Charging,64,1.945,2.864,3.182,9,-0.486,0.403,0.447,,ON,Automatic water heating function used,Not heating,,,,,,,,,,,
562,2021-12-12 00:30:00,0.0,0.0,0.93505,,Charging,74,1.405,3.311,3.679,9,-0.487,0.403,0.448,,ON,Automatic water heating function used,Not heating,,,,,,,,,,,
563,2021-12-12 01:00:00,0.0,0.0,0.936,,Charging,85,0.81,3.803,4.226,9,-0.486,0.403,0.448,,ON,Automatic water heating function used,Not heating,,,,,,,,,,,
564,2021-12-12 01:30:00,0.0,0.0,0.9508,,Charging,95,0.27,4.251,4.723,9,-0.486,0.402,0.448,,ON,Automatic water heating function used,Not heating,,,,,,,,,,,
565,2021-12-12 02:00:00,0.0,0.0,0.55595,,Standby,100,0.0,4.475,4.972,2,-0.108,0.09,0.099,,ON,Automatic water heating function used,Not heating,,,,,,,,,,,
566,2021-12-12 02:30:00,0.0,0.0,0.34475,,Standby,99,0.0,4.43,4.922,-1,0.0,-0.045,-0.05,,ON,Automatic water heating function used,Not heating,,,,,,,,,,,
567,2021-12-12 03:00:00,0.0,0.0,0.27725,,Standby,99,0.0,4.43,4.922,0,0.0,0.0,0.0,,ON,Automatic water heating function used,Not heating,,,,,,,,,,,
643,2021-12-12 03:30:00,0.0,0.0,0.28515,,Standby,99,0.0,4.43,4.922,0,0.0,0.0,0.0,,ON,Automatic water heating function used,Not heating,,,,,,,,,,,
644,2021-12-12 04:00:00,0.0,0.0,0.6812,,Standby,99,0.0,4.43,4.922,0,0.0,0.0,0.0,,ON,Automatic water heating function used,Heating,,,,,,,,,,,
645,2021-12-12 04:30:00,0.0,0.0,0.92415,,Standby,99,0.0,4.43,4.922,0,0.0,0.0,0.0,,ON,Automatic water heating function used,Heating,,,,,,,,,,,
646,2021-12-12 05:00:00,0.0,0.0,0.912,,Standby,99,0.0,4.43,4.922,0,0.0,0.0,0.0,,ON,Automatic water heating function used,Heating,,,,,,,,,,,
647,2021-12-12 05:30:00,0.0,0.0,0.88855,,Standby,99,0.0,4.43,4.922,0,0.0,0.0,0.0,,ON,Automatic water heating function used,Heating,,,,,,,,,,,
648,2021-12-12 06:00:00,0.0,0.0,0.89135,,Standby,99,0.0,4.43,4.922,0,0.0,0.0,0.0,,ON,Automatic water heating function used,Heating,,,,,,,,,,,
728,2021-12-12 06:30:00,0.0,0.0,0.89775,,Standby,99,0.0,4.43,4.922,0,0.0,0.0,0.0,,ON,Automatic water heating function used,Heating,,,,,,,,,,,
729,2021-12-12 07:00:00,0.0,0.0,0.7851,,Standby,99,0.0,4.43,4.922,0,0.0,0.0,0.0,,ON,Automatic water heating function used,Not heating,,,,,,,,,,,
730,2021-12-12 07:30:00,0.01,0.0153,0.30095,,Standby,99,0.0,4.43,4.922,0,0.0,0.0,0.0,,ON,Automatic water heating function used,Not heating,,,,,,,,,,,
731,2021-12-12 08:00:00,0.03,0.05815,0.2522,,Standby,99,0.0,4.43,4.922,0,0.0,0.0,0.0,,ON,Automatic water heating function used,Not heating,,,,,,,,,,,
732,2021-12-12 08:30:00,0.09,0.10965,0.38965,,Standby,99,0.0,4.43,4.922,0,0.0,0.0,0.0,,ON,Automatic water heating function used,Not heating,,,,,,,,,,,
733,2021-12-12 09:00:00,0.195,0.292,0.09505,,Standby,99,0.0,4.43,4.922,0,0.0,0.0,0.0,,ON,Automatic water heating function used,Not heating,,,,,,,,,,,
813,2021-12-12 09:30:00,0.295,0.56475,-0.17585,,Discharging,98,0.108,4.385,4.873,-1,0.108,-0.045,-0.049,,ON,Automatic water heating function used,Not heating,,,,,,,,,,,
814,2021-12-12 10:00:00,0.495,0.3319,-0.1571,,Discharging,98,0.108,4.385,4.873,0,0.0,0.0,0.0,,ON,Automatic water heating function used,Not heating,,,,,,,,,,,
815,2021-12-12 10:30:00,0.615,0.70755,-0.2176,,Standby,98,0.108,4.385,4.873,0,0.0,0.0,0.0,,ON,Automatic water heating function used,Not heating,,,,,,,,,,,
816,2021-12-12 11:00:00,0.85,1.24455,-0.55905,,Standby,97,0.162,4.34,4.823,-1,0.054,-0.045,-0.05,,ON,Automatic water heating function used,Not heating,,,,,,,,,,,
817,2021-12-12 11:30:00,0.855,1.1021,-0.42015,,Standby,97,0.162,4.34,4.823,0,0.0,0.0,0.0,,ON,Automatic water heating function used,Not heating,,,,,,,,,,,
818,2021-12-12 12:00:00,0.87,1.37395,-1.15295,,Standby,96,0.216,4.296,4.773,-1,0.054,-0.044,-0.05,,ON,Automatic water heating function used,Not heating,,,,,,,,,,,
898,2021-12-12 12:30:00,0.825,0.9612,-0.4677,,Standby,92,0.432,4.117,4.574,-4,0.216,-0.179,-0.199,,ON,Automatic water heating function used,Not heating,,,,,,,,,,,
899,2021-12-12 13:00:00,0.73,1.37985,-0.57285,,Discharging,92,0.432,4.117,4.574,0,0.0,0.0,0.0,,ON,Automatic water heating function used,Not heating,,,,,,,,,,,
900,2021-12-12 13:30:00,0.68,0.4513,-0.0781,,Standby,91,0.486,4.072,4.524,0,0.0,0.0,0.0,,ON,Automatic water heating function used,Not heating,,,,,,,,,,,
901,2021-12-12 14:00:00,0.66,0.31045,-0.02895,,Standby,90,0.54,4.027,4.475,-1,0.054,-0.045,-0.049,,ON,Automatic water heating function used,Not heating,,,,,,,,,,,
902,2021-12-12 14:30:00,0.555,0.21985,0.0106,,Discharging,90,0.54,4.027,4.475,-1,0.054,-0.045,-0.05,,ON,Automatic water heating function used,Not heating,,,,,,,,,,,
903,2021-12-12 15:00:00,0.52,0.229,0.0353,,Standby,85,0.81,3.803,4.226,-4,0.216,-0.179,-0.199,,ON,Automatic water heating function used,Not heating,,,,,,,,,,,
983,2021-12-12 15:30:00,0.375,0.1693,0.05115,,Discharging,83,0.918,3.714,4.127,-3,0.162,-0.135,-0.149,,ON,Automatic water heating function used,Heating,,,,,,,,,,,
984,2021-12-12 16:00:00,0.305,0.1446,0.05145,,Discharging,68,1.729,3.043,3.381,-13,0.703,-0.582,-0.647,,ON,Automatic water heating function used,Heating,,,,,,,,,,,
985,2021-12-12 16:30:00,0.155,0.07835,0.06115,,Discharging,53,2.539,2.371,2.635,-14,0.757,-0.627,-0.696,,ON,Automatic water heating function used,Heating,,,,,,,,,,,
986,2021-12-12 17:00:00,0.075,0.03135,0.0701,,Discharging,43,3.026,1.969,2.138,-4,0.216,-0.179,-0.199,,ON,Automatic water heating function used,Not heating,,,,,,,,,,,
987,2021-12-12 17:30:00,0.025,5e-05,0.04795,,Discharging,40,3.242,1.79,1.989,-3,0.162,-0.134,-0.149,,ON,Automatic water heating function used,Not heating,,,,,,,,,,,
988,2021-12-12 18:00:00,0.0,0.0,0.05285,,Discharging,32,3.674,1.432,1.591,-8,0.432,-0.358,-0.398,,ON,Automatic water heating function used,Not heating,,,,,,,,,,,
1068,2021-12-12 18:30:00,0.0,0.0,0.6401,,Standby,29,3.836,1.297,1.442,-1,0.054,-0.045,-0.049,,ON,Automatic water heating function used,Not heating,,,,,,,,,,,
1069,2021-12-12 19:00:00,0.0,,,,,,,,,,,,,,,,,,,,,,,,,,,
1070,2021-12-12 19:30:00,0.0,,,,,,,,,,,,,,,,,,,,,,,,,,,
1071,2021-12-12 20:00:00,0.0,,,,,,,,,,,,,,,,,,,,,,,,,,,
1072,2021-12-12 20:30:00,0.0,,,,,,,,,,,,,,,,,,,,,,,,,,,
1073,2021-12-12 21:00:00,0.0,,,,,,,,,,,,,,,,,,,,,,,,,,,
1153,2021-12-12 21:30:00,0.0,,,,,,,,,,,,,,,,,,,,,,,,,,,
1154,2021-12-12 22:00:00,0.0,,,,,,,,,,,,,,,,,,,,,,,,,,,
1155,2021-12-12 22:30:00,0.0,,,,,,,,,,,,,,,,,,,,,,,,,,,
1156,2021-12-12 23:00:00,0.0,,,,,,,,,,,,,,,,,,,,,,,,,,,
1157,2021-12-12 23:30:00,0.0,,,,,,,,,,,,,,,,,,,,,,,,,,,
1158,2021-12-13 00:00:00,0.0,,,,,,,,,,,,,,,,,,,,,,,,,,,
1238,2021-12-13 00:30:00,0.0,,,,,,,,,,,,,,,,,,,,,,,,,,,
1239,2021-12-13 01:00:00,0.0,,,,,,,,,,,,,,,,,,,,,,,,,,,
1240,2021-12-13 01:30:00,0.0,,,,,,,,,,,,,,,,,,,,,,,,,,,
1241,2021-12-13 02:00:00,0.0,,,,,,,,,,,,,,,,,,,,,,,,,,,
1242,2021-12-13 02:30:00,0.0,,,,,,,,,,,,,,,,,,,,,,,,,,,
1243,2021-12-13 03:00:00,0.0,,,,,,,,,,,,,,,,,,,,,,,,,,,
1323,2021-12-13 03:30:00,0.0,,,,,,,,,,,,,,,,,,,,,,,,,,,
1324,2021-12-13 04:00:00,0.0,,,,,,,,,,,,,,,,,,,,,,,,,,,
1325,2021-12-13 04:30:00,0.0,,,,,,,,,,,,,,,,,,,,,,,,,,,
1326,2021-12-13 05:00:00,0.0,,,,,,,,,,,,,,,,,,,,,,,,,,,
1327,2021-12-13 05:30:00,0.0,,,,,,,,,,,,,,,,,,,,,,,,,,,
1328,2021-12-13 06:00:00,0.0,,,,,,,,,,,,,,,,,,,,,,,,,,,
1408,2021-12-13 06:30:00,0.0,,,,,,,,,,,,,,,,,,,,,,,,,,,
1409,2021-12-13 07:00:00,0.0,,,,,,,,,,,,,,,,,,,,,,,,,,,
1410,2021-12-13 07:30:00,0.045,,,,,,,,,,,,,,,,,,,,,,,,,,,
1411,2021-12-13 08:00:00,0.07,,,,,,,,,,,,,,,,,,,,,,,,,,,
1412,2021-12-13 08:30:00,0.19,,,,,,,,,,,,,,,,,,,,,,,,,,,
1413,2021-12-13 09:00:00,0.445,,,,,,,,,,,,,,,,,,,,,,,,,,,
1493,2021-12-13 09:30:00,0.575,,,,,,,,,,,,,,,,,,,,,,,,,,,
1494,2021-12-13 10:00:00,0.83,,,,,,,,,,,,,,,,,,,,,,,,,,,
1495,2021-12-13 10:30:00,0.915,,,,,,,,,,,,,,,,,,,,,,,,,,,
1496,2021-12-13 11:00:00,1.085,,,,,,,,,,,,,,,,,,,,,,,,,,,
1497,2021-12-13 11:30:00,1.095,,,,,,,,,,,,,,,,,,,,,,,,,,,
1498,2021-12-13 12:00:00,0.82,,,,,,,,,,,,,,,,,,,,,,,,,,,
1578,2021-12-13 12:30:00,0.745,,,,,,,,,,,,,,,,,,,,,,,,,,,
1579,2021-12-13 13:00:00,0.59,,,,,,,,,,,,,,,,,,,,,,,,,,,
1580,2021-12-13 13:30:00,0.56,,,,,,,,,,,,,,,,,,,,,,,,,,,
1581,2021-12-13 14:00:00,0.51,,,,,,,,,,,,,,,,,,,,,,,,,,,
1582,2021-12-13 14:30:00,0.48,,,,,,,,,,,,,,,,,,,,,,,,,,,
1583,2021-12-13 15:00:00,0.355,,,,,,,,,,,,,,,,,,,,,,,,,,,
1663,2021-12-13 15:30:00,0.285,,,,,,,,,,,,,,,,,,,,,,,,,,,
1664,2021-12-13 16:00:00,0.255,,,,,,,,,,,,,,,,,,,,,,,,,,,
1665,2021-12-13 16:30:00,0.15,,,,,,,,,,,,,,,,,,,,,,,,,,,
1666,2021-12-13 17:00:00,0.095,,,,,,,,,,,,,,,,,,,,,,,,,,,
1667,2021-12-13 17:30:00,0.03,,,,,,,,,,,,,,,,,,,,,,,,,,,
1668,2021-12-13 18:00:00,0.0,,,,,,,,,,,,,,,,,,,,,,,,,,,
1748,2021-12-13 18:30:00,0.0,,,,,,,,,-3,0.164,-0.136,-0.151,,,,,,,,,,,,,,,
1749,2021-12-13 19:00:00,0.0,0.0,0.05005,,Discharging,37,3.444,1.674,1.861,-11,0.601,-0.498,-0.553,,ON,Automatic water heating function used,Not heating,,,,,,,,,,,
1750,2021-12-13 19:30:00,0.0,0.0,0.26925,,Standby,30,3.826,1.358,1.509,-4,0.219,-0.181,-0.202,,ON,Automatic water heating function used,Not heating,,,,,,,,,,,
1751,2021-12-13 20:00:00,0.0,0.0,0.4293,,Standby,29,3.881,1.312,1.458,0,0.0,0.0,0.0,,ON,Automatic water heating function used,Not heating,,,,,,,,,,,
1752,2021-12-13 20:30:00,0.0,0.0,0.48895,,Standby,28,3.936,1.267,1.408,-1,0.055,-0.045,-0.05,,ON,Automatic water heating function used,Not heating,,,,,,,,,,,
1753,2021-12-13 21:00:00,0.0,0.0,0.6203,,Standby,28,3.936,1.267,1.408,0,0.0,0.0,0.0,,ON,Automatic water heating function used,Not heating,,,,,,,,,,,
1833,2021-12-13 21:30:00,0.0,0.0,0.7882,,Standby,28,3.936,1.267,1.408,0,0.0,0.0,0.0,,ON,Automatic water heating function used,Not heating,,,,,,,,,,,
1834,2021-12-13 22:00:00,0.0,0.0,0.6502,,Standby,28,3.936,1.267,1.408,0,0.0,0.0,0.0,,ON,Automatic water heating function used,Not heating,,,,,,,,,,,
1835,2021-12-13 22:30:00,0.0,0.0,0.9592,,Charging,33,3.662,1.493,1.66,9,-0.492,0.407,0.453,,ON,Automatic water heating function used,Not heating,,,,,,,,,,,
1836,2021-12-13 23:00:00,0.0,0.0,1.00585,,Charging,43,3.116,1.946,2.163,10,-0.547,0.453,0.503,,ON,Automatic water heating function used,Not heating,,,,,,,,,,,
1837,2021-12-13 23:30:00,0.0,0.0,1.01995,,Charging,54,2.514,2.444,2.716,10,-0.547,0.453,0.503,,ON,Automatic water heating function used,Not heating,,,,,,,,,,,
1838,2021-12-14 00:00:00,0.0,0.0,1.02175,,Charging,64,1.968,2.897,3.219,11,-0.601,0.498,0.554,,ON,Automatic water heating function used,Not heating,,,,,,,,,,,
1918,2021-12-14 00:30:00,0.0,0.0,1.00595,,Charging,74,1.421,3.349,3.722,10,-0.547,0.453,0.503,,ON,Automatic water heating function used,Not heating,,,,,,,,,,,
1919,2021-12-14 01:00:00,0.0,0.0,1.12415,,Charging,85,0.82,3.847,4.276,10,-0.546,0.452,0.503,,ON,Automatic water heating function used,Heating,,,,,,,,,,,
1920,2021-12-14 01:30:00,0.0,0.0,1.59655,,Charging,96,0.218,4.345,4.829,11,-0.656,0.498,0.553,,ON,Automatic water heating function used,Heating,,,,,,,,,,,
1921,2021-12-14 02:00:00,0.0,0.0,1.1964,,Standby,100,0.0,4.527,5.031,0,0.0,0.0,0.0,,ON,Automatic water heating function used,Heating,,,,,,,,,,,
1922,2021-12-14 02:30:00,0.0,0.0,0.95295,,Standby,99,0.0,4.481,4.98,0,0.0,0.0,0.0,,ON,Automatic water heating function used,Heating,,,,,,,,,,,
1923,2021-12-14 03:00:00,0.0,0.0,0.96495,,Standby,99,0.0,4.481,4.98,0,0.0,0.0,0.0,,ON,Automatic water heating function used,Heating,,,,,,,,,,,
2003,2021-12-14 03:30:00,0.0,0.0,0.9686,,Standby,99,0.0,4.481,4.98,0,0.0,0.0,0.0,,ON,Automatic water heating function used,Heating,,,,,,,,,,,
2004,2021-12-14 04:00:00,0.0,0.0,0.90335,,Standby,99,0.0,4.481,4.98,0,0.0,0.0,0.0,,ON,Automatic water heating function used,Heating,,,,,,,,,,,
2005,2021-12-14 04:30:00,0.0,0.0,0.96935,,Standby,99,0.0,4.481,4.98,0,0.0,0.0,0.0,,ON,Automatic water heating function used,Heating,,,,,,,,,,,
2006,2021-12-14 05:00:00,0.0,0.0,0.95525,,Standby,99,0.0,4.481,4.98,0,0.0,0.0,0.0,,ON,Automatic water heating function used,Heating,,,,,,,,,,,
2007,2021-12-14 05:30:00,0.0,0.0,0.9694,,Standby,99,0.0,4.481,4.98,0,0.0,0.0,0.0,,ON,Automatic water heating function used,Heating,,,,,,,,,,,
2008,2021-12-14 06:00:00,0.0,0.0,0.93825,,Standby,99,0.0,4.481,4.98,0,0.0,0.0,0.0,,ON,Automatic water heating function used,Heating,,,,,,,,,,,
2080,2021-12-14 06:30:00,0.0,0.0,1.31455,,Standby,99,0.0,4.481,4.98,0,0.0,0.0,0.0,,ON,Automatic water heating function used,Not heating,,,,,,,,,,,
2081,2021-12-14 07:00:00,0.0,0.0,1.14425,,Standby,99,0.0,4.481,4.98,0,0.0,0.0,0.0,,ON,Automatic water heating function used,Not heating,,,,,,,,,,,
2082,2021-12-14 07:30:00,0.02,0.0093,0.96815,,Standby,99,0.0,4.481,4.98,0,0.0,0.0,0.0,,ON,Automatic water heating function used,Not heating,,,,,,,,,,,
2083,2021-12-14 08:00:00,0.055,0.06765,0.73395,,Standby,99,0.0,4.481,4.98,0,0.0,0.0,0.0,,ON,Automatic water heating function used,Not heating,,,,,,,,,,,
2084,2021-12-14 08:30:00,0.15,0.4925,0.37205,,Standby,99,0.0,4.481,4.98,0,0.0,0.0,0.0,,ON,Automatic water heating function used,Not heating,,,,,,,,,,,
2085,2021-12-14 09:00:00,0.325,0.57295,-0.07345,,Standby,99,0.0,4.481,4.98,0,0.0,0.0,0.0,,ON,Automatic water heating function used,Not heating,,,,,,,,,,,
2153,2021-12-14 09:30:00,0.445,1.08215,-0.61355,,Standby,98,0.109,4.436,4.93,-1,0.109,-0.045,-0.05,,ON,Automatic water heating function used,Not heating,,,,,,,,,,,
2154,2021-12-14 10:00:00,0.685,1.30685,-0.9538,,Standby,98,0.109,4.436,4.93,0,0.0,0.0,0.0,,ON,Automatic water heating function used,Not heating,,,,,,,,,,,
2155,2021-12-14 10:30:00,0.775,1.46315,-1.16865,,Standby,98,0.109,4.436,4.93,0,0.0,0.0,0.0,,ON,Automatic water heating function used,Not heating,,,,,,,,,,,
2156,2021-12-14 11:00:00,0.95,1.3969,-1.16705,,Standby,98,0.109,4.436,4.93,0,0.0,0.0,0.0,,ON,Automatic water heating function used,Not heating,,,,,,,,,,,
2157,2021-12-14 11:30:00,1.02,1.66935,-1.454,,Standby,98,0.109,4.436,4.93,0,0.0,0.0,0.0,,ON,Automatic water heating function used,Not heating,,,,,,,,,,,
2158,2021-12-14 12:00:00,1.145,1.6881,-1.45465,,Standby,98,0.109,4.436,4.93,0,0.0,0.0,0.0,,ON,Automatic water heating function used,Not heating,,,,,,,,,,,
2226,2021-12-14 12:30:00,1.18,1.68625,-1.4751,,Standby,98,0.109,4.436,4.93,0,0.0,0.0,0.0,,ON,Automatic water heating function used,Not heating,,,,,,,,,,,
2227,2021-12-14 13:00:00,1.25,1.6764,-1.458,,Standby,98,0.109,4.436,4.93,0,0.0,0.0,0.0,,ON,Automatic water heating function used,Not heating,,,,,,,,,,,
2228,2021-12-14 13:30:00,1.225,1.6097,-1.39765,,Standby,98,0.109,4.436,4.93,0,0.0,0.0,0.0,,ON,Automatic water heating function used,Not heating,,,,,,,,,,,
2229,2021-12-14 14:00:00,1.175,1.501,-1.29725,,Standby,98,0.109,4.436,4.93,0,0.0,0.0,0.0,,ON,Automatic water heating function used,Not heating,,,,,,,,,,,
2230,2021-12-14 14:30:00,0.975,1.33365,-1.13255,,Standby,98,0.109,4.436,4.93,0,0.0,0.0,0.0,,ON,Automatic water heating function used,Not heating,,,,,,,,,,,
2231,2021-12-14 15:00:00,0.895,1.1398,-0.77055,,Standby,98,0.109,4.436,4.93,0,0.0,0.0,0.0,,ON,Automatic water heating function used,Not heating,,,,,,,,,,,
2299,2021-12-14 15:30:00,0.635,0.7487,-0.53145,,Standby,98,0.109,4.436,4.93,0,0.0,0.0,0.0,,ON,Automatic water heating function used,Not heating,,,,,,,,,,,
2300,2021-12-14 16:00:00,0.505,0.53865,-0.33215,,Standby,98,0.109,4.436,4.93,0,0.0,0.0,0.0,,ON,Automatic water heating function used,Not heating,,,,,,,,,,,
2301,2021-12-14 16:30:00,0.24,0.34245,-0.1331,,Standby,98,0.109,4.436,4.93,-1,0.055,-0.045,-0.05,,ON,Automatic water heating function used,Not heating,,,,,,,,,,,
2302,2021-12-14 17:00:00,0.11,0.09085,0.04305,,Discharging,96,0.218,4.345,4.829,-4,0.218,-0.181,-0.202,,ON,Automatic water heating function used,Not heating,,,,,,,,,,,
2303,2021-12-14 17:30:00,0.035,0.00095,0.04725,,Discharging,91,0.492,4.119,4.578,-3,0.164,-0.135,-0.151,,ON,Automatic water heating function used,Not heating,,,,,,,,,,,
2304,2021-12-14 18:00:00,0.0,0.0,0.04955,,Discharging,83,0.929,3.757,4.175,-7,0.383,-0.317,-0.352,,ON,Automatic water heating function used,Not heating,,,,,,,,,,,
2372,2021-12-14 18:30:00,0.0,0.0,0.05445,,Discharging,76,1.312,3.44,3.823,-7,0.382,-0.317,-0.352,,ON,Automatic water heating function used,Not heating,,,,,,,,,,,
2373,2021-12-14 19:00:00,0.0,0.0,0.05635,,Discharging,66,1.858,2.987,3.32,-7,0.383,-0.317,-0.353,,ON,Automatic water heating function used,Not heating,,,,,,,,,,,
2374,2021-12-14 19:30:00,0.0,0.0,0.04725,,Discharging,61,2.132,2.761,3.068,-4,0.219,-0.182,-0.201,,ON,Automatic water heating function used,Not heating,,,,,,,,,,,
2375,2021-12-14 20:00:00,0.0,0.0,0.0478,,Discharging,56,2.405,2.535,2.817,-4,0.218,-0.181,-0.201,,ON,Automatic water heating function used,Not heating,,,,,,,,,,,
2376,2021-12-14 20:30:00,0.0,0.0,0.04755,,Discharging,51,2.678,2.308,2.565,-6,0.328,-0.272,-0.302,,ON,Automatic water heating function used,Not heating,,,,,,,,,,,
2377,2021-12-14 21:00:00,0.0,0.0,0.04745,,Discharging,39,3.334,1.765,1.962,-6,0.328,-0.271,-0.302,,ON,Automatic water heating function used,Not heating,,,,,,,,,,,
2445,2021-12-14 21:30:00,0.0,0.0,0.6933,,Standby,38,3.389,1.72,1.911,0,0.0,0.0,0.0,,ON,Automatic water heating function used,Not heating,,,,,,,,,,,
2446,2021-12-14 22:00:00,0.0,0.0,0.51535,,Standby,38,3.389,1.72,1.911,0,0.0,0.0,0.0,,ON,Automatic water heating function used,Not heating,,,,,,,,,,,
2447,2021-12-14 22:30:00,0.0,0.0,0.7555,,Charging,44,3.061,1.991,2.213,9,-0.492,0.407,0.452,,ON,Automatic water heating function used,Not heating,,,,,,,,,,,
2448,2021-12-14 23:00:00,0.0,0.0,0.9159,,Charging,54,2.514,2.444,2.716,9,-0.492,0.407,0.452,,ON,Automatic water heating function used,Not heating,,,,,,,,,,,
2449,2021-12-14 23:30:00,0.0,0.0,1.13955,,Charging,65,1.913,2.942,3.27,8,-0.437,0.362,0.403,,ON,Automatic water heating function used,Not heating,,,,,,,,,,,
2450,2021-12-15 00:00:00,0.0,0.0,1.01905,,Charging,74,1.421,3.349,3.722,9,-0.492,0.408,0.453,,ON,Automatic water heating function used,Not heating,,,,,,,,,,,
2518,2021-12-15 00:30:00,0.0,0.0,1.02445,,Charging,85,0.82,3.847,4.276,8,-0.437,0.362,0.403,,ON,Automatic water heating function used,Not heating,,,,,,,,,,,
2519,2021-12-15 01:00:00,0.0,0.0,1.02545,,Charging,95,0.273,4.3,4.779,8,-0.437,0.362,0.403,,ON,Automatic water heating function used,Not heating,,,,,,,,,,,
2520,2021-12-15 01:30:00,0.0,0.0,0.67265,,Standby,99,0.0,4.481,4.98,0,0.0,0.0,0.0,,ON,Automatic water heating function used,Not heating,,,,,,,,,,,
2521,2021-12-15 02:00:00,0.0,0.0,0.39505,,Standby,99,0.0,4.481,4.98,0,0.0,0.0,0.0,,ON,Automatic water heating function used,Not heating,,,,,,,,,,,
2522,2021-12-15 02:30:00,0.0,0.0,0.5947,,Standby,99,0.0,4.481,4.98,0,0.0,0.0,0.0,,ON,Automatic water heating function used,Heating,,,,,,,,,,,
2523,2021-12-15 03:00:00,0.0,0.0,0.94155,,Standby,99,0.0,4.481,4.98,0,0.0,0.0,0.0,,ON,Automatic water heating function used,Heating,,,,,,,,,,,
2591,2021-12-15 03:30:00,0.0,0.0,0.96215,,Standby,99,0.0,4.481,4.98,0,0.0,0.0,0.0,,ON,Automatic water heating function used,Heating,,,,,,,,,,,
2592,2021-12-15 04:00:00,0.0,0.0,0.96075,,Standby,99,0.0,4.481,4.98,0,0.0,0.0,0.0,,ON,Automatic water heating function used,Heating,,,,,,,,,,,
2593,2021-12-15 04:30:00,0.0,0.0,1.0343,,Standby,100,0.0,4.527,5.031,0,0.0,0.0,0.0,,ON,Automatic water heating function used,Heating,,,,,,,,,,,
2594,2021-12-15 05:00:00,0.0,0.0,0.95915,,Standby,99,0.0,4.481,4.98,0,0.0,0.0,0.0,,ON,Automatic water heating function used,Heating,,,,,,,,,,,
2595,2021-12-15 05:30:00,0.0,0.0,0.97305,,Standby,99,0.0,4.481,4.98,0,0.0,0.0,0.0,,ON,Automatic water heating function used,Heating,,,,,,,,,,,
2596,2021-12-15 06:00:00,0.0,0.0,0.96465,,Standby,99,0.0,4.481,4.98,0,0.0,0.0,0.0,,ON,Automatic water heating function used,Heating,,,,,,,,,,,
2673,2021-12-15 06:30:00,0.0,0.0,0.9223,,Standby,99,0.0,4.481,4.98,0,0.0,0.0,0.0,,ON,Automatic water heating function used,Heating,,,,,,,,,,,
2674,2021-12-15 07:00:00,0.0,0.0,0.89915,,Standby,99,0.0,4.481,4.98,0,0.0,0.0,0.0,,ON,Automatic water heating function used,Heating,,,,,,,,,,,
2675,2021-12-15 07:30:00,0.02,0.0079,0.8071,,Standby,99,0.0,4.481,4.98,0,0.0,0.0,0.0,,ON,Automatic water heating function used,Not heating,,,,,,,,,,,
2676,2021-12-15 08:00:00,0.06,0.0646,0.36275,,Standby,99,0.0,4.481,4.98,0,0.0,0.0,0.0,,ON,Automatic water heating function used,Not heating,,,,,,,,,,,
2677,2021-12-15 08:30:00,0.18,0.4396,-0.07875,,Standby,99,0.0,4.481,4.98,0,0.0,0.0,0.0,,ON,Automatic water heating function used,Not heating,,,,,,,,,,,
2678,2021-12-15 09:00:00,0.33,0.7565,-0.25175,,Standby,99,0.0,4.481,4.98,0,0.0,0.0,0.0,,ON,Automatic water heating function used,Not heating,,,,,,,,,,,
2758,2021-12-15 09:30:00,0.475,1.00705,-0.66785,,Standby,99,0.0,4.481,4.98,0,0.0,0.0,0.0,,ON,Automatic water heating function used,Not heating,,,,,,,,,,,
2759,2021-12-15 10:00:00,0.765,1.20125,-0.903,,Standby,99,0.0,4.481,4.98,0,0.0,0.0,0.0,,ON,Automatic water heating function used,Not heating,,,,,,,,,,,
2760,2021-12-15 10:30:00,0.855,1.34575,-1.09835,,Standby,99,0.0,4.481,4.98,0,0.0,0.0,0.0,,ON,Automatic water heating function used,Not heating,,,,,,,,,,,
2761,2021-12-15 11:00:00,1.035,1.43905,-1.2968,,Standby,99,0.0,4.481,4.98,0,0.0,0.0,0.0,,ON,Automatic water heating function used,Not heating,,,,,,,,,,,
2762,2021-12-15 11:30:00,1.05,1.39365,-1.27825,,Standby,99,0.0,4.481,4.98,0,0.0,0.0,0.0,,ON,Automatic water heating function used,Not heating,,,,,,,,,,,
2763,2021-12-15 12:00:00,0.895,1.8124,-1.65345,,Standby,99,0.0,4.481,4.98,0,0.0,0.0,0.0,,ON,Automatic water heating function used,Not heating,,,,,,,,,,,
2843,2021-12-15 12:30:00,0.915,1.62755,-1.44995,,Standby,99,0.0,4.481,4.98,0,0.0,0.0,0.0,,ON,Automatic water heating function used,Not heating,,,,,,,,,,,
2844,2021-12-15 13:00:00,0.945,1.29075,-1.09455,,Standby,99,0.0,4.481,4.98,,,,,,ON,Automatic water heating function used,Not heating,,,,,,,,,,,
2845,2021-12-15 13:30:00,0.89,1.42205,-1.20505,,Standby,99,0.0,4.481,4.98,,,,,,ON,Automatic water heating function used,Not heating,,,,,,,,,,,
2846,2021-12-15 14:00:00,0.775,1.29295,-1.06025,,Standby,99,0.0,4.481,4.98,,,,,,ON,Automatic water heating function used,Not heating,,,,,,,,,,,
2847,2021-12-15 14:30:00,0.73,1.23535,-0.96795,,Standby,98,0.109,4.436,4.93,,,,,,ON,Automatic water heating function used,Not heating,,,,,,,,,,,
2848,2021-12-15 15:00:00,0.58,1.0481,-0.76865,,Standby,98,0.109,4.436,4.93,,,,,,ON,Automatic water heating function used,Not heating,,,,,,,,,,,
2928,2021-12-15 15:30:00,0.435,0.8241,-0.5704,,Standby,98,0.109,4.436,4.93,,,,,,ON,Automatic water heating function used,Not heating,,,,,,,,,,,
2929,2021-12-15 16:00:00,0.36,0.58545,-0.346,,Standby,98,0.109,4.436,4.93,,,,,,ON,Automatic water heating function used,Not heating,,,,,,,,,,,
2930,2021-12-15 16:30:00,0.18,0.3188,-0.0944,,Discharging,98,0.109,4.436,4.93,,,,,,ON,Automatic water heating function used,Not heating,,,,,,,,,,,
2931,2021-12-15 17:00:00,0.09,0.0765,0.04735,,Discharging,96,0.218,4.345,4.829,,,,,,ON,Automatic water heating function used,Not heating,,,,,,,,,,,
2932,2021-12-15 17:30:00,0.03,0.0013,0.04795,,Discharging,88,0.656,3.983,4.427,,,,,,ON,Automatic water heating function used,Not heating,,,,,,,,,,,
2933,2021-12-15 18:00:00,0.0,0.0,0.05015,,Discharging,79,1.148,3.576,3.974,,,,,,ON,Automatic water heating function used,Not heating,,,,,,,,,,,
3013,2021-12-15 18:30:00,0.0,0.0,0.11475,,Discharging,64,1.968,2.897,3.219,,,,,,ON,Automatic water heating function used,Not heating,,,,,,,,,,,
3014,2021-12-15 19:00:00,0.0,0.0,0.05725,,Discharging,56,2.405,2.535,2.817,,,,,,ON,Automatic water heating function used,Not heating,,,,,,,,,,,
3015,2021-12-15 19:30:00,0.0,0.0,0.05345,,Discharging,49,2.788,2.218,2.465,,,,,,ON,Automatic water heating function used,Not heating,,,,,,,,,,,
3016,2021-12-15 20:00:00,0.0,0.0,0.0475,,Discharging,43,3.116,1.946,2.163,,,,,,ON,Automatic water heating function used,Not heating,,,,,,,,,,,
3017,2021-12-15 20:30:00,0.0,0.0,0.04805,,Discharging,36,3.498,1.629,1.811,,,,,,ON,Automatic water heating function used,Not heating,,,,,,,,,,,
3018,2021-12-15 21:00:00,0.0,0.0,0.36345,,Standby,29,3.881,1.312,1.458,,,,,,ON,Automatic water heating function used,Not heating,,,,,,,,,,,
3098,2021-12-15 21:30:00,0.0,0.0,0.6732,,Standby,29,3.881,1.312,1.458,,,,,,ON,Automatic water heating function used,Not heating,,,,,,,,,,,
3099,2021-12-15 22:00:00,0.0,0.0,0.82945,,Standby,28,3.936,1.267,1.408,,,,,,ON,Automatic water heating function used,Not heating,,,,,,,,,,,
3100,2021-12-15 22:30:00,0.0,0.0,0.81915,,Charging,34,3.608,1.539,1.71,,,,,,ON,Automatic water heating function used,Not heating,,,,,,,,,,,
3101,2021-12-15 23:00:00,0.0,0.0,1.13025,,Charging,44,3.061,1.991,2.213,,,,,,ON,Automatic water heating function used,Not heating,,,,,,,,,,,
3102,2021-12-15 23:30:00,0.0,0.0,1.03995,,Charging,53,2.569,2.399,2.666,,,,,,ON,Automatic water heating function used,Not heating,,,,,,,,,,,
3103,2021-12-16 00:00:00,0.0,0.0,1.0082,,Charging,64,1.968,2.897,3.219,,,,,,ON,Automatic water heating function used,Not heating,,,,,,,,,,,
3183,2021-12-16 00:30:00,0.0,0.0,1.0077,,Charging,74,1.421,3.349,3.722,,,,,,ON,Automatic water heating function used,Not heating,,,,,,,,,,,
3184,2021-12-16 01:00:00,0.0,0.0,1.01685,,Charging,85,0.82,3.847,4.276,,,,,,ON,Automatic water heating function used,Not heating,,,,,,,,,,,
3185,2021-12-16 01:30:00,0.0,0.0,1.02435,,Charging,95,0.273,4.3,4.779,,,,,,ON,Automatic water heating function used,Not heating,,,,,,,,,,,
3186,2021-12-16 02:00:00,0.0,0.0,0.58145,,Standby,99,0.0,4.481,4.98,,,,,,ON,Automatic water heating function used,Not heating,,,,,,,,,,,
3187,2021-12-16 02:30:00,0.0,0.0,0.3864,,Standby,99,0.0,4.481,4.98,,,,,,ON,Automatic water heating function used,Not heating,,,,,,,,,,,
3188,2021-12-16 03:00:00,0.0,0.0,0.82715,,Standby,99,0.0,4.481,4.98,,,,,,ON,Automatic water heating function used,Heating,,,,,,,,,,,
3342,2021-12-16 03:30:00,0.0,0.0,0.94295,,Standby,99,0.0,4.481,4.98,,,,,,ON,Automatic water heating function used,Heating,,,,,,,,,,,
3343,2021-12-16 04:00:00,0.0,0.0,0.93305,,Standby,99,0.0,4.481,4.98,,,,,,ON,Automatic water heating function used,Heating,,,,,,,,,,,
3344,2021-12-16 04:30:00,0.0,0.0,0.92835,,Standby,99,0.0,4.481,4.98,,,,,,ON,Automatic water heating function used,Heating,,,,,,,,,,,
3345,2021-12-16 05:00:00,0.0,0.0,0.93375,,Standby,99,0.0,4.481,4.98,,,,,,ON,Automatic water heating function used,Heating,,,,,,,,,,,
3346,2021-12-16 05:30:00,0.0,0.0,0.92495,,Standby,99,0.0,4.481,4.98,,,,,,ON,Automatic water heating function used,Heating,,,,,,,,,,,
3347,2021-12-16 06:00:00,0.0,0.0,0.9516,,Charging,99,0.0,4.481,4.98,,,,,,ON,Automatic water heating function used,Heating,,,,,,,,,,,
3427,2021-12-16 06:30:00,0.0,0.0,1.19245,,Standby,99,0.0,4.481,4.98,,,,,,ON,Automatic water heating function used,Heating,,,,,,,,,,,
3428,2021-12-16 07:00:00,0.0,0.0,0.95115,,Standby,99,0.0,4.481,4.98,,,,,,ON,Automatic water heating function used,Heating,,,,,,,,,,,
3429,2021-12-16 07:30:00,0.015,0.00335,0.76745,,Standby,99,0.0,4.481,4.98,,,,,,ON,Automatic water heating function used,Not heating,,,,,,,,,,,
3430,2021-12-16 08:00:00,0.045,0.06705,0.34965,,Standby,99,0.0,4.481,4.98,,,,,,ON,Automatic water heating function used,Not heating,,,,,,,,,,,
3431,2021-12-16 08:30:00,0.1,0.2932,0.10615,,Standby,99,0.0,4.481,4.98,,,,,,ON,Automatic water heating function used,Not heating,,,,,,,,,,,
3432,2021-12-16 09:00:00,0.315,0.5869,-0.0869,,Standby,99,0.0,4.481,4.98,,,,,,ON,Automatic water heating function used,Not heating,,,,,,,,,,,
3512,2021-12-16 09:30:00,0.375,0.82725,-0.5724,,Standby,99,0.0,4.481,4.98,0,0.0,0.0,0.0,,ON,Automatic water heating function used,Not heating,,,,,,,,,,,
3513,2021-12-16 10:00:00,0.485,0.227,0.02485,,Discharging,99,0.0,4.481,4.98,-1,0.109,-0.045,-0.05,,ON,Automatic water heating function used,Not heating,,,,,,,,,,,
3514,2021-12-16 10:30:00,0.445,0.16185,0.04815,,Discharging,97,0.164,4.391,4.88,,,,,,ON,Automatic water heating function used,Not heating,,,,,,,,,,,
3515,2021-12-16 11:00:00,0.36,0.0592,0.04675,,Discharging,94,0.328,4.255,4.729,,,,,,ON,Automatic water heating function used,Not heating,,,,,,,,,,,
3516,2021-12-16 11:30:00,0.37,0.09265,0.04725,,Discharging,91,0.492,4.119,4.578,-4,0.219,-0.181,-0.201,,ON,Automatic water heating function used,Not heating,,,,,,,,,,,
3517,2021-12-16 12:00:00,0.31,0.081,0.04735,,Discharging,86,0.765,3.893,4.326,-4,0.219,-0.181,-0.201,,ON,Automatic water heating function used,Not heating,,,,,,,,,,,
3597,2021-12-16 12:30:00,0.345,0.0549,0.0478,,Discharging,81,1.038,3.666,4.075,-4,0.218,-0.181,-0.201,,ON,Automatic water heating function used,Not heating,,,,,,,,,,,
3598,2021-12-16 13:00:00,0.415,0.03915,0.0477,,Discharging,74,1.421,3.349,3.722,-8,0.437,-0.362,-0.402,,ON,Automatic water heating function used,Not heating,,,,,,,,,,,
3599,2021-12-16 13:30:00,0.235,0.06695,0.0478,,Discharging,66,1.858,2.987,3.32,-6,0.328,-0.272,-0.302,,ON,Automatic water heating function used,Not heating,,,,,,,,,,,
3600,2021-12-16 14:00:00,0.15,0.04415,0.04675,,Discharging,57,2.35,2.58,2.867,-8,0.438,-0.362,-0.402,,ON,Automatic water heating function used,Not heating,,,,,,,,,,,
3601,2021-12-16 14:30:00,0.105,0.0491,0.0466,,Discharging,47,2.897,2.127,2.364,-8,0.437,-0.362,-0.402,,ON,Automatic water heating function used,Not heating,,,,,,,,,,,
3602,2021-12-16 15:00:00,0.095,0.03315,0.04595,,Discharging,37,3.444,1.674,1.861,-7,0.382,-0.317,-0.352,,ON,Automatic water heating function used,Not heating,,,,,,,,,,,
3682,2021-12-16 15:30:00,0.075,0.01615,0.1785,,Standby,30,3.826,1.358,1.509,-3,0.164,-0.136,-0.151,,ON,Automatic water heating function used,Not heating,,,,,,,,,,,
3683,2021-12-16 16:00:00,0.035,0.001,0.4452,,Standby,29,3.881,1.312,1.458,0,0.0,0.0,0.0,,ON,Automatic water heating function used,Not heating,,,,,,,,,,,
3684,2021-12-16 16:30:00,0.02,0.0,0.4483,,Standby,28,3.936,1.267,1.408,-1,0.055,-0.045,-0.05,,ON,Automatic water heating function used,Not heating,,,,,,,,,,,
3685,2021-12-16 17:00:00,0.015,0.0,0.583,,Standby,28,3.936,1.267,1.408,0,0.0,0.0,0.0,,ON,Automatic water heating function used,Not heating,,,,,,,,,,,
3686,2021-12-16 17:30:00,0.005,0.0,0.58395,,Standby,28,3.936,1.267,1.408,0,0.0,0.0,0.0,,ON,Automatic water heating function used,Not heating,,,,,,,,,,,
3687,2021-12-16 18:00:00,0.0,0.0,0.87885,,Standby,28,3.936,1.267,1.408,0,0.0,0.0,0.0,,ON,Automatic water heating function used,Not heating,,,,,,,,,,,
3767,2021-12-16 18:30:00,0.0,0.0,0.73575,,Standby,28,3.936,1.267,1.408,0,0.0,0.0,0.0,,ON,Automatic water heating function used,Not heating,,,,,,,,,,,
3768,2021-12-16 19:00:00,0.0,0.0,0.4227,,Standby,28,3.936,1.267,1.408,0,0.0,0.0,0.0,,ON,Automatic water heating function used,Not heating,,,,,,,,,,,
3769,2021-12-16 19:30:00,0.0,0.0,0.50035,,Standby,28,3.936,1.267,1.408,0,0.0,0.0,0.0,,ON,Automatic water heating function used,Not heating,,,,,,,,,,,
3770,2021-12-16 20:00:00,0.0,0.0,0.41895,,Standby,28,3.936,1.267,1.408,0,0.0,0.0,0.0,,ON,Automatic water heating function used,Not heating,,,,,,,,,,,
3771,2021-12-16 20:30:00,0.0,0.0,0.8441,,Standby,28,3.936,1.267,1.408,0,0.0,0.0,0.0,,ON,Automatic water heating function used,Heating,,,,,,,,,,,
3772,2021-12-16 21:00:00,0.0,0.0,0.45845,,Standby,28,3.936,1.267,1.408,0,0.0,0.0,0.0,,ON,Automatic water heating function used,Not heating,,,,,,,,,,,
3852,2021-12-16 21:30:00,0.0,0.0,0.68365,,Standby,28,3.936,1.267,1.408,0,0.0,0.0,0.0,,ON,Automatic water heating function used,Not heating,,,,,,,,,,,
3853,2021-12-16 22:00:00,0.0,0.0,0.30555,,Standby,28,3.936,1.267,1.408,0,0.0,0.0,0.0,,ON,Automatic water heating function used,Not heating,,,,,,,,,,,
3854,2021-12-16 22:30:00,0.0,0.0,0.70095,,Charging,33,3.662,1.493,1.66,8,-0.437,0.362,0.402,,ON,Automatic water heating function used,Not heating,,,,,,,,,,,
3855,2021-12-16 23:00:00,0.0,0.0,1.02375,,Charging,44,3.061,1.991,2.213,8,-0.437,0.362,0.403,,ON,Automatic water heating function used,Not heating,,,,,,,,,,,
3856,2021-12-16 23:30:00,0.0,0.0,0.91915,,Charging,54,2.514,2.444,2.716,9,-0.492,0.408,0.453,,ON,Automatic water heating function used,Not heating,,,,,,,,,,,
3857,2021-12-17 00:00:00,0.0,0.0,0.88455,,Charging,65,1.913,2.942,3.27,9,-0.492,0.408,0.453,,ON,Automatic water heating function used,Not heating,,,,,,,,,,,
4020,2021-12-17 00:30:00,0.0,0.0,0.88625,,Charging,76,1.312,3.44,3.823,9,-0.492,0.407,0.453,,ON,Automatic water heating function used,Not heating,,,,,,,,,,,
4021,2021-12-17 01:00:00,0.0,0.0,0.9486,,Charging,86,0.765,3.893,4.326,8,-0.437,0.362,0.403,,ON,Automatic water heating function used,Not heating,,,,,,,,,,,
4022,2021-12-17 01:30:00,0.0,0.0,0.955,,Charging,97,0.164,4.391,4.88,6,-0.382,0.271,0.302,,ON,Automatic water heating function used,Not heating,,,,,,,,,,,
4023,2021-12-17 02:00:00,0.0,0.0,0.48475,,Standby,99,0.0,4.43,4.922,0,0.0,0.0,0.0,,ON,Automatic water heating function used,Not heating,,,,,,,,,,,
4024,2021-12-17 02:30:00,0.0,0.0,0.34995,,Standby,99,0.0,4.43,4.922,0,0.0,0.0,0.0,,ON,Automatic water heating function used,Not heating,,,,,,,,,,,
4025,2021-12-17 03:00:00,0.0,0.0,0.7941,,Standby,99,0.0,4.43,4.922,0,0.0,0.0,0.0,,ON,Automatic water heating function used,Heating,,,,,,,,,,,
4099,2021-12-17 03:30:00,0.0,0.0,0.7559,,Standby,99,0.0,4.43,4.922,0,0.0,0.0,0.0,,ON,Automatic water heating function used,Heating,,,,,,,,,,,
4100,2021-12-17 04:00:00,0.0,0.0,0.773,,Standby,99,0.0,4.43,4.922,0,0.0,0.0,0.0,,ON,Automatic water heating function used,Heating,,,,,,,,,,,
4101,2021-12-17 04:30:00,0.0,0.0,0.88505,,Standby,99,0.0,4.43,4.922,0,0.0,0.0,0.0,,ON,Automatic water heating function used,Heating,,,,,,,,,,,
4102,2021-12-17 05:00:00,0.0,0.0,0.91545,,Standby,99,0.0,4.43,4.922,0,0.0,0.0,0.0,,ON,Automatic water heating function used,Heating,,,,,,,,,,,
4103,2021-12-17 05:30:00,0.0,0.0,0.9122,,Standby,99,0.0,4.43,4.922,0,0.0,0.0,0.0,,ON,Automatic water heating function used,Heating,,,,,,,,,,,
4104,2021-12-17 06:00:00,0.0,0.0,0.90045,,Standby,99,0.0,4.43,4.922,0,0.0,0.0,0.0,,ON,Automatic water heating function used,Heating,,,,,,,,,,,
4178,2021-12-17 06:30:00,0.0,0.0,1.126,,Standby,99,0.0,4.43,4.922,0,0.0,0.0,0.0,,ON,Automatic water heating function used,Heating,,,,,,,,,,,
4179,2021-12-17 07:00:00,0.0,0.0,0.88955,,Standby,99,0.0,4.43,4.922,0,0.0,0.0,0.0,,ON,Automatic water heating function used,Heating,,,,,,,,,,,
4180,2021-12-17 07:30:00,0.035,0.00595,0.41645,,Standby,99,0.0,4.43,4.922,0,0.0,0.0,0.0,,ON,Automatic water heating function used,Not heating,,,,,,,,,,,
4181,2021-12-17 08:00:00,0.05,0.0699,0.3369,,Standby,99,0.0,4.43,4.922,0,0.0,0.0,0.0,,ON,Automatic water heating function used,Not heating,,,,,,,,,,,
4182,2021-12-17 08:30:00,0.14,0.262,0.0275,,Standby,99,0.0,4.43,4.922,0,0.0,0.0,0.0,,ON,Automatic water heating function used,Not heating,,,,,,,,,,,
4183,2021-12-17 09:00:00,0.325,0.3333,-0.0768,,Standby,99,0.0,4.43,4.922,0,0.0,0.0,0.0,,ON,Automatic water heating function used,Not heating,,,,,,,,,,,
4257,2021-12-17 09:30:00,0.355,0.62015,-0.3022,,Standby,99,0.0,4.43,4.922,0,0.0,0.0,0.0,,ON,Automatic water heating function used,Not heating,,,,,,,,,,,
4258,2021-12-17 10:00:00,0.37,0.71545,-0.5122,,Standby,98,0.108,4.385,4.873,-1,0.108,-0.045,-0.049,,ON,Automatic water heating function used,Not heating,,,,,,,,,,,
4259,2021-12-17 10:30:00,0.705,1.05545,-0.82905,,Standby,98,0.108,4.385,4.873,0,0.0,0.0,0.0,,ON,Automatic water heating function used,Not heating,,,,,,,,,,,
4260,2021-12-17 11:00:00,0.875,0.55475,-0.32185,,Standby,98,0.108,4.385,4.873,-1,0.054,-0.045,-0.05,,ON,Automatic water heating function used,Not heating,,,,,,,,,,,
4261,2021-12-17 11:30:00,1.025,1.0597,-0.71745,,Standby,97,0.162,4.34,4.823,0,0.0,0.0,0.0,,ON,Automatic water heating function used,Not heating,,,,,,,,,,,
4262,2021-12-17 12:00:00,0.16,0.3097,-0.0926,,Discharging,96,0.216,4.296,4.773,-4,0.216,-0.179,-0.199,,ON,Automatic water heating function used,Not heating,,,,,,,,,,,
4336,2021-12-17 12:30:00,0.43,0.1389,0.02345,,Discharging,92,0.432,4.117,4.574,-3,0.162,-0.134,-0.149,,ON,Automatic water heating function used,Not heating,,,,,,,,,,,
4337,2021-12-17 13:00:00,0.565,0.14855,0.04835,,Discharging,89,0.594,3.982,4.425,-2,0.108,-0.089,-0.1,,ON,Automatic water heating function used,Not heating,,,,,,,,,,,
4338,2021-12-17 13:30:00,0.865,0.20545,-0.0285,,Standby,87,0.702,3.893,4.326,-1,0.054,-0.045,-0.049,,ON,Automatic water heating function used,Not heating,,,,,,,,,,,
4339,2021-12-17 14:00:00,1.01,0.6667,-0.46125,,Standby,87,0.702,3.893,4.326,0,0.0,0.0,0.0,,ON,Automatic water heating function used,Not heating,,,,,,,,,,,
4340,2021-12-17 14:30:00,0.91,0.7048,-0.51755,,Standby,87,0.702,3.893,4.326,0,0.0,0.0,0.0,,ON,Automatic water heating function used,Not heating,,,,,,,,,,,
4341,2021-12-17 15:00:00,0.81,0.9622,-0.8132,,Standby,87,0.702,3.893,4.326,0,0.0,0.0,0.0,,ON,Automatic water heating function used,Not heating,,,,,,,,,,,
4415,2021-12-17 15:30:00,0.595,0.9579,-0.77125,,Standby,87,0.702,3.893,4.326,0,0.0,0.0,0.0,,ON,Automatic water heating function used,Not heating,,,,,,,,,,,
4416,2021-12-17 16:00:00,0.485,0.6694,-0.4772,,Standby,87,0.702,3.893,4.326,0,0.0,0.0,0.0,,ON,Automatic water heating function used,Not heating,,,,,,,,,,,
4417,2021-12-17 16:30:00,0.245,0.3266,-0.17135,,Discharging,87,0.702,3.893,4.326,-1,0.054,-0.045,-0.05,,ON,Automatic water heating function used,Not heating,,,,,,,,,,,
4418,2021-12-17 17:00:00,0.125,0.05085,0.048,,Discharging,81,1.026,3.624,4.027,-8,0.432,-0.358,-0.398,,ON,Automatic water heating function used,Not heating,,,,,,,,,,,
4419,2021-12-17 17:30:00,0.04,0.00045,0.04725,,Discharging,76,1.296,3.401,3.779,-9,0.487,-0.403,-0.447,,ON,Automatic water heating function used,Not heating,,,,,,,,,,,
4420,2021-12-17 18:00:00,0.0,0.0,0.09055,,Discharging,62,2.053,2.774,3.082,-13,0.702,-0.581,-0.647,,ON,Automatic water heating function used,Not heating,,,,,,,,,,,
4494,2021-12-17 18:30:00,0.0,0.0,0.0544,,Discharging,50,2.702,2.237,2.486,-11,0.595,-0.493,-0.547,,ON,Automatic water heating function used,Not heating,,,,,,,,,,,
4495,2021-12-17 19:00:00,0.0,0.0,0.05495,,Discharging,39,3.296,1.745,1.939,-11,0.594,-0.492,-0.547,,ON,Automatic water heating function used,Not heating,,,,,,,,,,,
4496,2021-12-17 19:30:00,0.0,,,,,,,,,-4,0.216,-0.179,-0.199,,,,,,,,,,,,,,,
4497,2021-12-17 20:00:00,0.0,0.0,0.47355,,Standby,29,3.836,1.297,1.442,-1,0.054,-0.045,-0.049,,ON,Automatic water heating function used,Not heating,,,,,,,,,,,
4498,2021-12-17 20:30:00,0.0,0.0,0.4217,,Standby,29,3.836,1.297,1.442,0,0.0,0.0,0.0,,ON,Automatic water heating function used,Not heating,,,,,,,,,,,
4499,2021-12-17 21:00:00,0.0,0.0,1.0058,,Standby,29,3.836,1.297,1.442,0,0.0,0.0,0.0,,ON,Automatic water heating function used,Not heating,,,,,,,,,,,
4598,2021-12-17 21:30:00,0.0,0.0,1.32245,,Standby,29,3.836,1.297,1.442,0,0.0,0.0,0.0,,ON,Automatic water heating function used,Not heating,,,,,,,,,,,
4599,2021-12-17 22:00:00,0.0,0.0,1.29685,,Standby,29,3.836,1.297,1.442,0,0.0,0.0,0.0,,ON,Automatic water heating function used,Not heating,,,,,,,,,,,
4600,2021-12-17 22:30:00,0.0,0.0,1.8662,,Charging,35,3.512,1.566,1.74,11,-0.594,0.493,0.547,,ON,Automatic water heating function used,Not heating,,,,,,,,,,,
4601,2021-12-17 23:00:00,0.0,,,0.9,,,,,,11,-0.595,0.492,0.546,,,,,,,,,,,,,,,
4602,2021-12-17 23:30:00,0.0,0.0,2.03145,0.81,Charging,56,2.377,2.506,2.784,11,-0.594,0.492,0.547,,ON,Automatic water heating function used,Not heating,,,,,,,,,,,
4603,2021-12-18 00:00:00,0.0,,,0.85,,,,,,,,,,,,,,,,,,,,,,,,
4683,2021-12-18 00:30:00,0.0,,,0.85,,,,,,,,,,,,,,,,,,,,,,,,
4684,2021-12-18 01:00:00,0.0,,,0.87,,,,,,,,,,,,,,,,,,,,,,,,
4685,2021-12-18 01:30:00,0.0,,,0.85,,,,,,,,,,,,,,,,,,,,,,,,
4686,2021-12-18 02:00:00,0.0,,,0.61,,,,,,,,,,,,,,,,,,,,,,,,
4687,2021-12-18 02:30:00,0.0,,,0.72,,,,,,,,,,,,,,,,,,,,,,,,
4688,2021-12-18 03:00:00,0.0,,,0.72,,,,,,,,,,,,,,,,,,,,,,,,
4768,2021-12-18 03:30:00,0.0,,,0.73,,,,,,,,,,,,,,,,,,,,,,,,
4769,2021-12-18 04:00:00,0.0,,,0.71,,,,,,,,,,,,,,,,,,,,,,,,
4770,2021-12-18 04:30:00,0.0,,,0.76,,,,,,,,,,,,,,,,,,,,,,,,
4771,2021-12-18 05:00:00,0.0,,,0.82,,,,,,,,,,,,,,,,,,,,,,,,
4772,2021-12-18 05:30:00,0.0,,,0.93,,,,,,,,,,,,,,,,,,,,,,,,
4773,2021-12-18 06:00:00,0.0,,,0.87,,,,,,,,,,,,,,,,,,,,,,,,
4853,2021-12-18 06:30:00,0.0,,,1.02,,,,,,,,,,,,,,,,,,,,,,,,
4854,2021-12-18 07:00:00,0.0,,,0.63,,,,,,,,,,,,,,,,,,,,,,,,
4855,2021-12-18 07:30:00,0.02,,,0.73,,,,,,,,,,,,,,,,,,,,,,,,
4856,2021-12-18 08:00:00,0.06,,,0.48,,,,,,,,,,,,,,,,,,,,,,,,
4857,2021-12-18 08:30:00,0.165,,,0.48,,,,,,,,,,,,,,,,,,,,,,,,
4858,2021-12-18 09:00:00,0.375,,,0.47,,,,,,,,,,,,,,,,,,,,,,,,
4938,2021-12-18 09:30:00,0.465,,,0.36,,,,,,,,,,,,,,,,,,,,,,,,
4939,2021-12-18 10:00:00,0.65,,,0.42,,,,,,,,,,,,,,,,,,,,,,,,
4940,2021-12-18 10:30:00,0.72,,,0.28,,,,,,,,,,,,,,,,,,,,,,,,
4941,2021-12-18 11:00:00,0.86,,,0.34,,,,,,,,,,,,,,,,,,,,,,,,
4942,2021-12-18 11:30:00,0.91,,,0.23,,,,,,,,,,,,,,,,,,,,,,,,
4943,2021-12-18 12:00:00,1.015,,,0.39,,,,,,,,,,,,,,,,,,,,,,,,
5023,2021-12-18 12:30:00,1.03,,,0.5,,,,,,,,,,,,,,,,,,,,,,,,
5024,2021-12-18 13:00:00,1.06,,,0.5,,,,,,,,,,,,,,,,,,,,,,,,
5025,2021-12-18 13:30:00,0.995,,,0.3,,,,,,,,,,,,,,,,,,,,,,,,
5026,2021-12-18 14:00:00,0.965,,,0.22,,,,,,,,,,,,,,,,,,,,,,,,
5027,2021-12-18 14:30:00,0.845,,,0.3,,,,,,,,,,,,,,,,,,,,,,,,
5028,2021-12-18 15:00:00,0.785,,,0.23,,,,,,,,,,,,,,,,,,,,,,,,
5108,2021-12-18 15:30:00,0.6,,,0.23,,,,,,,,,,,,,,,,,,,,,,,,
5109,2021-12-18 16:00:00,0.51,,,0.2,,,,,,,,,,,,,,,,,,,,,,,,
5110,2021-12-18 16:30:00,0.26,,,0.17,,,,,,,,,,,,,,,,,,,,,,,,
5111,2021-12-18 17:00:00,0.13,,,0.14,,,,,,,,,,,,,,,,,,,,,,,,
5112,2021-12-18 17:30:00,0.045,,,0.12,,,,,,,,,,,,,,,,,,,,,,,,
5113,2021-12-18 18:00:00,0.0,,,0.2,,,,,,,,,,,,,,,,,,,,,,,,
5193,2021-12-18 18:30:00,0.0,,,0.28,,,,,,,,,,,,,,,,,,,,,,,,
5194,2021-12-18 19:00:00,0.0,,,0.21,,,,,,,,,,,,,,,,,,,,,,,,
5195,2021-12-18 19:30:00,0.0,,,0.27,,,,,,,,,,,,,,,,,,,,,,,,
5196,2021-12-18 20:00:00,0.0,,,0.18,,,,,,,,,,,,,,,,,,,,,,,,
5197,2021-12-18 20:30:00,0.0,,,0.21,,,,,,,,,,,,,,,,,,,,,,,,
5198,2021-12-18 21:00:00,0.0,,,0.27,,,,,,,,,,,,,,,,,,,,,,,,
5278,2021-12-18 21:30:00,0.0,,,0.55,,,,,,,,,,,,,,,,,,,,,,,,
5279,2021-12-18 22:00:00,0.0,,,0.62,,,,,,,,,,,,,,,,,,,,,,,,
5280,2021-12-18 22:30:00,0.0,,,0.9,,,,,,,,,,,,,,,,,,,,,,,,
5281,2021-12-18 23:00:00,0.0,,,0.81,,,,,,,,,,,,,,,,,,,,,,,,
5282,2021-12-18 23:30:00,0.0,,,0.83,,,,,,,,,,,,,,,,,,,,,,,,
5283,2021-12-19 00:00:00,0.0,,,,,,,,,,,,,,,,,,,,,,,,,,,
5363,2021-12-19 00:30:00,0.0,,,,,,,,,,,,,,,,,,,,,,,,,,,
5364,2021-12-19 01:00:00,0.0,,,,,,,,,,,,,,,,,,,,,,,,,,,
5365,2021-12-19 01:30:00,0.0,,,,,,,,,,,,,,,,,,,,,,,,,,,
5366,2021-12-19 02:00:00,0.0,,,,,,,,,,,,,,,,,,,,,,,,,,,
5367,2021-12-19 02:30:00,0.0,,,,,,,,,,,,,,,,,,,,,,,,,,,
5368,2021-12-19 03:00:00,0.0,,,,,,,,,,,,,,,,,,,,,,,,,,,
5448,2021-12-19 03:30:00,0.0,,,,,,,,,,,,,,,,,,,,,,,,,,,
5449,2021-12-19 04:00:00,0.0,,,,,,,,,,,,,,,,,,,,,,,,,,,
5450,2021-12-19 04:30:00,0.0,,,,,,,,,,,,,,,,,,,,,,,,,,,
5451,2021-12-19 05:00:00,0.0,,,,,,,,,,,,,,,,,,,,,,,,,,,
5452,2021-12-19 05:30:00,0.0,,,,,,,,,,,,,,,,,,,,,,,,,,,
5453,2021-12-19 06:00:00,0.0,,,,,,,,,,,,,,,,,,,,,,,,,,,
5532,2021-12-19 06:30:00,0.0,,,,,,,,,,,,,,,,,,,,,,,,,,,
5533,2021-12-19 07:00:00,0.0,,,,,,,,,,,,,,,,,,,,,,,,,,,
5534,2021-12-19 07:30:00,0.01,,,,,,,,,,,,,,,,,,,,,,,,,,,
5535,2021-12-19 08:00:00,0.035,,,,,,,,,,,,,,,,,,,,,,,,,,,
5536,2021-12-19 08:30:00,0.14,,,,,,,,,,,,,,,,,,,,,,,,,,,
5537,2021-12-19 09:00:00,0.35,,,,,,,,,,,,,,,,,,,,,,,,,,,
