id,日時,予測値_PV,PV発電量,買電量,予測値_demand,battery状態,SOC,充電可能量,放電可能量,残電力量,SOC_増減,充電量可能量_増減,放電可能量_増減,残電力量_増減,充放電指示量,EQ動作状態,沸き上げ自動設定,沸き上げ中状態,ｴﾈﾙｷﾞｰｼﾌﾄ参加状態,沸き上げ開始基準時刻,ｴﾈﾙｷﾞｰｼﾌﾄ参回数,昼間沸き上げｼﾌﾄ時刻1,EQ指示時刻,ｴｱｺﾝ状態,ｴｱｺﾝmode,ｴｱｺﾝ設定温度,気温,湿度,温度計_残電池
1,2021-12-05 00:30:00,,0.0,0.0888,,,,,,,,,,,,,,,,,,,,,,,,,
5,2021-12-05 01:00:00,,0.0,0.06875,,,,,,,,,,,,,,,,,,,,,,,,,
6,2021-12-05 01:30:00,,0.0,0.0888,,,,,,,,,,,,,,,,,,,,,,,,,
7,2021-12-05 02:00:00,,0.0,0.0737,,,,,,,,,,,,,,,,,,,,,,,,,
8,2021-12-05 02:30:00,,0.0,0.0816,,,,,,,,,,,,,,,,,,,,,,,,,
9,2021-12-05 03:00:00,,0.0,0.06845,,,,,,,,,,,,,,,,,,,,,,,,,
10,2021-12-05 03:30:00,,0.0,0.0791,,,,,,,,,,,,,,,,,,,,,,,,,
11,2021-12-05 04:00:00,,0.0,0.06745,,,,,,,,,,,,,,,,,,,,,,,,,
12,2021-12-05 04:30:00,,0.0,0.0667,,,,,,,,,,,,,,,,,,,,,,,,,
13,2021-12-05 05:00:00,,0.0,0.07165,,,,,,,,,,,,,,,,,,,,,,,,,
14,2021-12-05 05:30:00,,0.0,0.0616,,,,,,,,,,,,,,,,,,,,,,,,,
15,2021-12-05 06:00:00,,0.0,0.07495,,,,,,,,,,,,,,,,,,,,,,,,,
16,2021-12-05 06:30:00,,0.0,0.06225,,,,,,,,,,,,,,,,,,,,,,,,,
17,2021-12-05 07:00:00,,0.00955,0.05825,,,,,,,,,,,,,,,,,,,,,,,,,
18,2021-12-05 07:30:00,,0.22925,-0.1647,,,,,,,,,,,,,,,,,,,,,,,,,
19,2021-12-05 08:00:00,,0.50295,-0.44115,,,,,,,,,,,,,,,,,,,,,,,,,
20,2021-12-05 08:30:00,,0.73855,-0.66555,,,,,,,,,,,,,,,,,,,,,,,,,
21,2021-12-05 09:00:00,,0.9359,-0.57065,,,,,,,,,,,,,,,,,,,,,,,,,
22,2021-12-05 09:30:00,,0.841,-0.72235,,,,,,,,,,,,,,,,,,,,,,,,,
23,2021-12-05 10:00:00,,1.2229,-1.08255,,,,,,,,,,,,,,,,,,,,,,,,,
24,2021-12-05 10:30:00,,1.35425,-1.1609,,,,,,,,,,,,,,,,,,,,,,,,,
25,2021-12-05 11:00:00,,1.38335,-1.207,,,,,,,,,,,,,,,,,,,,,,,,,
26,2021-12-05 11:30:00,,0.98485,-0.79185,,,,,,,,,,,,,,,,,,,,,,,,,
27,2021-12-05 12:00:00,,0.73745,-0.59925,,,,,,,,,,,,,,,,,,,,,,,,,
28,2021-12-05 12:30:00,,0.628,-0.51775,,,,,,,,,,,,,,,,,,,,,,,,,
29,2021-12-05 13:00:00,,0.5088,-0.38285,,,,,,,,,,,,,,,,,,,,,,,,,
30,2021-12-05 13:30:00,,0.4145,-0.2598,,,,,,,,,,,,,,,,,,,,,,,,,
31,2021-12-05 14:00:00,,0.5027,-0.3797,,,,,,,,,,,,,,,,,,,,,,,,,
32,2021-12-05 14:30:00,,0.19195,-0.05835,,,,,,,,,,,,,,,,,,,,,,,,,
33,2021-12-05 15:00:00,,0.11785,0.0834,,,,,,,,,,,,,,,,,,,,,,,,,
34,2021-12-05 15:30:00,,0.0689,0.1144,,,,,,,,,,,,,,,,,,,,,,,,,
35,2021-12-05 16:00:00,,0.01945,0.17585,,,,,,,,,,,,,,,,,,,,,,,,,
36,2021-12-05 16:30:00,,0.0,0.1787,,,,,,,,,,,,,,,,,,,,,,,,,
37,2021-12-05 17:00:00,,0.0,0.165,,,,,,,,,,,,,,,,,,,,,,,,,
38,2021-12-05 17:30:00,,0.0,0.14275,,,,,,,,,,,,,,,,,,,,,,,,,
39,2021-12-05 18:00:00,,0.0,0.12715,,,,,,,,,,,,,,,,,,,,,,,,,
40,2021-12-05 18:30:00,,0.0,0.1217,,,,,,,,,,,,,,,,,,,,,,,,,
41,2021-12-05 19:00:00,,0.0,0.2332,,,,,,,,,,,,,,,,,,,,,,,,,
42,2021-12-05 19:30:00,,0.0,0.19695,,,,,,,,,,,,,,,,,,,,,,,,,
43,2021-12-05 20:00:00,,0.0,0.2157,,,,,,,,,,,,,,,,,,,,,,,,,
44,2021-12-05 20:30:00,,0.0,0.17425,,,,,,,,,,,,,,,,,,,,,,,,,
45,2021-12-05 21:00:00,,0.0,0.1478,,,,,,,,,,,,,,,,,,,,,,,,,
46,2021-12-05 21:30:00,,0.0,0.12585,,,,,,,,,,,,,,,,,,,,,,,,,
47,2021-12-05 22:00:00,,0.0,0.18575,,,,,,,,,,,,,,,,,,,,,,,,,
48,2021-12-05 22:30:00,,0.0,0.16355,,,,,,,,,,,,,,,,,,,,,,,,,
49,2021-12-05 23:00:00,,0.0,0.18805,,,,,,,,,,,,,,,,,,,,,,,,,
50,2021-12-05 23:30:00,,0.0,0.16345,,,,,,,,,,,,,,,,,,,,,,,,,
51,2021-12-06 00:00:00,,0.0,0.11355,,,,,,,,,,,,,,,,,,,,,,,,,
52,2021-12-06 00:30:00,,0.0,0.07805,,,,,,,,,,,,,,,,,,,,,,,,,
53,2021-12-06 01:00:00,,0.0,0.07805,,,,,,,,,,,,,,,,,,,,,,,,,
54,2021-12-06 01:30:00,,0.0,0.0782,,,,,,,,,,,,,,,,,,,,,,,,,
55,2021-12-06 02:00:00,,0.0,0.075,,,,,,,,,,,,,,,,,,,,,,,,,
56,2021-12-06 02:30:00,,0.0,0.07305,,,,,,,,,,,,,,,,,,,,,,,,,
57,2021-12-06 03:00:00,,0.0,0.07475,,,,,,,,,,,,,,,,,,,,,,,,,
58,2021-12-06 03:30:00,,0.0,0.0749,,,,,,,,,,,,,,,,,,,,,,,,,
59,2021-12-06 04:00:00,,0.0,0.0724,,,,,,,,,,,,,,,,,,,,,,,,,
60,2021-12-06 04:30:00,,0.0,0.0629,,,,,,,,,,,,,,,,,,,,,,,,,
61,2021-12-06 05:00:00,,0.0,0.07625,,,,,,,,,,,,,,,,,,,,,,,,,
62,2021-12-06 05:30:00,,0.0,0.06275,,,,,,,,,,,,,,,,,,,,,,,,,
63,2021-12-06 06:00:00,,0.0,0.0678,,,,,,,,,,,,,,,,,,,,,,,,,
64,2021-12-06 06:30:00,,0.0,0.07375,,,,,,,,,,,,,,,,,,,,,,,,,
65,2021-12-06 07:00:00,,0.0,0.06145,,,,,,,,,,,,,,,,,,,,,,,,,
66,2021-12-06 07:30:00,,0.01655,0.0555,,,,,,,,,,,,,,,,,,,,,,,,,
67,2021-12-06 08:00:00,,0.1221,-0.0367,,,,,,,,,,,,,,,,,,,,,,,,,
68,2021-12-06 08:30:00,,0.1509,0.14125,,,,,,,,,,,,,,,,,,,,,,,,,
69,2021-12-06 09:00:00,0.2,0.137,0.06685,,,,,,,,,,,,,,,,,,,,,,,,,
71,2021-12-06 09:30:00,0.235,0.10075,0.0953,,,,,,,,,,,,,,,,,,,,,,,,,
72,2021-12-06 10:00:00,0.315,0.18195,0.0685,,,,,,,,,,,,,,,,,,,,,,,,,
73,2021-12-06 10:30:00,0.35,0.26335,-0.061,,,,,,,,,,,,,,,,,,,,,,,,,
74,2021-12-06 11:00:00,0.43,0.1846,-0.00215,,,,,,,,,,,,,,,,,,,,,,,,,
75,2021-12-06 11:30:00,0.465,0.33575,-0.08735,,,,,,,,,,,,,,,,,,,,,,,,,
76,2021-12-06 12:00:00,0.535,0.231,-0.0058,,,,,,,,,,,,,,,,,,,,,,,,,
77,2021-12-06 12:30:00,0.51,0.2084,-0.0383,,,,,,,,,,,,,,,,,,,,,,,,,
78,2021-12-06 13:00:00,0.455,0.17945,-0.02895,,,,,,,,,,,,,,,,,,,,,,,,,
79,2021-12-06 13:30:00,0.4,0.25935,-0.0742,,,,,,,,,,,,,,,,,,,,,,,,,
80,2021-12-06 14:00:00,0.29,0.18855,-0.03405,,,,,,,,,,,,,,,,,,,,,,,,,
81,2021-12-06 14:30:00,0.265,0.11445,-0.03545,,,,,,,,,,,,,,,,,,,,,,,,,
82,2021-12-06 15:00:00,0.21,0.10335,-0.03915,,,,,,,,,,,,,,,,,,,,,,,,,
83,2021-12-06 15:30:00,0.13,0.0468,0.02405,,,,,,,,,,,,,,,,,,,,,,,,,
84,2021-12-06 16:00:00,0.09,0.01295,0.05495,,,,,,,,,,,,,,,,,,,,,,,,,
85,2021-12-06 16:30:00,0.03,0.0,0.06465,,,,,,,,,,,,,,,,,,,,,,,,,
86,2021-12-06 17:00:00,0.0,0.0,0.07355,,,,,,,,,,,,,,,,,,,,,,,,,
87,2021-12-06 17:30:00,0.0,0.0,0.058,,,,,,,,,,,,,,,,,,,,,,,,,
88,2021-12-06 18:00:00,0.0,0.0,0.07285,,,,,,,,,,,,,,,,,,,,,,,,,
89,2021-12-06 18:30:00,0.0,0.0,0.06155,,,,,,,,,,,,,,,,,,,,,,,,,
90,2021-12-06 19:00:00,0.0,0.0,0.16305,,,,,,,,,,,,,,,,,,,,,,,,,
91,2021-12-06 19:30:00,0.0,0.0,0.18645,,,,,,,,,,,,,,,,,,,,,,,,,
92,2021-12-06 20:00:00,0.0,0.0,0.20115,,,,,,,,,,,,,,,,,,,,,,,,,
93,2021-12-06 20:30:00,0.0,0.0,0.20405,,,,,,,,,,,,,,,,,,,,,,,,,
94,2021-12-06 21:00:00,0.0,0.0,0.21905,,,,,,,,,,,,,,,,,,,,,,,,,
95,2021-12-06 21:30:00,0.0,0.0,0.19065,,,,,,,,,,,,,,,,,,,,,,,,,
96,2021-12-06 22:00:00,0.0,0.0,0.17125,,,,,,,,,,,,,,,,,,,,,,,,,
97,2021-12-06 22:30:00,0.0,0.0,0.15425,,,,,,,,,,,,,,,,,,,,,,,,,
98,2021-12-06 23:00:00,0.0,0.0,0.17605,,,,,,,,,,,,,,,,,,,,,,,,,
99,2021-12-06 23:30:00,0.0,0.0,0.15625,,,,,,,,,,,,,,,,,,,,,,,,,
100,2021-12-07 00:00:00,0.0,0.0,0.10785,,,,,,,,,,,,,,,,,,,,,,,,,
101,2021-12-07 00:30:00,0.0,0.0,0.08005,,,,,,,,,,,,,,,,,,,,,,,,,
102,2021-12-07 01:00:00,0.0,0.0,0.0775,,,,,,,,,,,,,,,,,,,,,,,,,
103,2021-12-07 01:30:00,0.0,0.0,0.07675,,,,,,,,,,,,,,,,,,,,,,,,,
104,2021-12-07 02:00:00,0.0,0.0,0.0786,,,,,,,,,,,,,,,,,,,,,,,,,
105,2021-12-07 02:30:00,0.0,0.0,0.08015,,,,,,,,,,,,,,,,,,,,,,,,,
106,2021-12-07 03:00:00,0.0,0.0,0.06685,,,,,,,,,,,,,,,,,,,,,,,,,
107,2021-12-07 03:30:00,0.0,0.0,0.0859,,,,,,,,,,,,,,,,,,,,,,,,,
108,2021-12-07 04:00:00,0.0,0.0,0.06225,,,,,,,,,,,,,,,,,,,,,,,,,
109,2021-12-07 04:30:00,0.0,0.0,0.07135,,,,,,,,,,,,,,,,,,,,,,,,,
110,2021-12-07 05:00:00,0.0,0.0,0.06525,,,,,,,,,,,,,,,,,,,,,,,,,
111,2021-12-07 05:30:00,0.0,0.0,0.06305,,,,,,,,,,,,,,,,,,,,,,,,,
112,2021-12-07 06:00:00,0.0,0.0,0.06405,,,,,,,,,,,,,,,,,,,,,,,,,
113,2021-12-07 06:30:00,0.0,0.0,0.06135,,,,,,,,,,,,,,,,,,,,,,,,,
114,2021-12-07 07:00:00,0.0,0.0,0.0745,,,,,,,,,,,,,,,,,,,,,,,,,
115,2021-12-07 07:30:00,0.015,0.05545,0.00325,,,,,,,,,,,,,,,,,,,,,,,,,
116,2021-12-07 08:00:00,0.04,0.1948,-0.0694,,,,,,,,,,,,,,,,,,,,,,,,,
117,2021-12-07 08:30:00,0.065,0.57755,-0.28035,,,,,,,,,,,,,,,,,,,,,,,,,
118,2021-12-07 09:00:00,0.11,0.64935,-0.48715,,,,,,,,,,,,,,,,,,,,,,,,,
119,2021-12-07 09:30:00,0.14,0.51055,-0.3801,,,,,,,,,,,,,,,,,,,,,,,,,
120,2021-12-07 10:00:00,0.205,0.5345,-0.42145,,,,,,,,,,,,,,,,,,,,,,,,,
121,2021-12-07 10:30:00,0.25,0.344,-0.26815,,,,,,,,,,,,,,,,,,,,,,,,,
122,2021-12-07 11:00:00,0.34,0.3605,-0.2639,,,,,,,,,,,,,,,,,,,,,,,,,
123,2021-12-07 11:30:00,0.36,0.24385,-0.12365,,,,,,,,,,,,,,,,,,,,,,,,,
124,2021-12-07 12:00:00,0.395,0.2304,-0.1166,0.125,,,,,,,,,,,,,,,,,,,,,,,,
125,2021-12-07 12:30:00,0.36,0.25475,-0.15065,0.115,,,,,,,,,,,,,,,,,,,,,,,,
126,2021-12-07 13:00:00,0.3,0.42685,-0.28945,0.125,,,,,,,,,,,,,,,,,,,,,,,,
127,2021-12-07 13:30:00,0.305,0.38985,-0.26485,0.14,,,,,,,,,,,,,,,,,,,,,,,,
128,2021-12-07 14:00:00,0.31,0.24265,-0.1155,0.145,,,,,,,,,,,,,,,,,,,,,,,,
129,2021-12-07 14:30:00,0.265,0.08315,0.02305,0.13,,,,,,,,,,,,,,,,,,,,,,,,
130,2021-12-07 15:00:00,0.175,0.05815,0.04485,0.125,,,,,,,,,,,,,,,,,,,,,,,,
131,2021-12-07 15:30:00,0.11,0.05995,0.03425,0.12,,,,,,,,,,,,,,,,,,,,,,,,
132,2021-12-07 16:00:00,0.08,0.01375,0.08615,0.12,,,,,,,,,,,,,,,,,,,,,,,,
133,2021-12-07 16:30:00,0.025,0.0001,0.1395,0.125,,,,,,,,,,,,,,,,,,,,,,,,
134,2021-12-07 17:00:00,0.0,0.0,0.18385,0.155,,,,,,,,,,,,,,,,,,,,,,,,
135,2021-12-07 17:30:00,0.0,0.0,0.2458,0.195,,,,,,,,,,,,,,,,,,,,,,,,
136,2021-12-07 18:00:00,0.0,0.0,0.1724,0.205,,,,,,,,,,,,,,,,,,,,,,,,
137,2021-12-07 18:30:00,0.0,0.0,0.1769,0.205,,,,,,,,,,,,,,,,,,,,,,,,
138,2021-12-07 19:00:00,0.0,0.0,0.25325,0.22,,,,,,,,,,,,,,,,,,,,,,,,
139,2021-12-07 19:30:00,0.0,0.0,0.26265,0.23,,,,,,,,,,,,,,,,,,,,,,,,
140,2021-12-07 20:00:00,0.0,0.0,0.18725,0.195,,,,,,,,,,,,,,,,,,,,,,,,
141,2021-12-07 20:30:00,0.0,0.0,0.20785,0.18,,,,,,,,,,,,,,,,,,,,,,,,
142,2021-12-07 21:00:00,0.0,0.0,0.1675,0.175,,,,,,,,,,,,,,,,,,,,,,,,
287,2021-12-07 21:30:00,,0.0,0.17425,0.17,,,,,,,,,,,,,,,,,,,,,,,,
288,2021-12-07 22:00:00,,0.0,0.15955,0.17,,,,,,,,,,,,,,,,,,,,,,,,
289,2021-12-07 22:30:00,,0.0,0.1797,0.17,,,,,,,,,,,,,,,,,,,,,,,,
290,2021-12-07 23:00:00,,0.0,0.1725,0.175,,,,,,,,,,,,,,,,,,,,,,,,
291,2021-12-07 23:30:00,,0.0,0.1563,0.175,,,,,,,,,,,,,,,,,,,,,,,,
292,2021-12-08 00:00:00,,0.0,0.11475,0.095,,,,,,,,,,,,,,,,,,,,,,,,
293,2021-12-08 00:30:00,,0.0,0.082,0.08,,,,,,,,,,,,,,,,,,,,,,,,
294,2021-12-08 01:00:00,,0.0,0.08975,0.08,,,,,,,,,,,,,,,,,,,,,,,,
295,2021-12-08 01:30:00,,0.0,0.0719,0.08,,,,,,,,,,,,,,,,,,,,,,,,
296,2021-12-08 02:00:00,,0.0,0.0847,0.075,,,,,,,,,,,,,,,,,,,,,,,,
297,2021-12-08 02:30:00,,0.0,0.06815,0.075,,,,,,,,,,,,,,,,,,,,,,,,
298,2021-12-08 03:00:00,,0.0,0.0825,0.075,,,,,,,,,,,,,,,,,,,,,,,,
299,2021-12-08 03:30:00,,0.0,0.0705,0.08,,,,,,,,,,,,,,,,,,,,,,,,
300,2021-12-08 04:00:00,,0.0,0.0788,0.075,,,,,,,,,,,,,,,,,,,,,,,,
301,2021-12-08 04:30:00,,0.0,0.06255,0.07,,,,,,,,,,,,,,,,,,,,,,,,
302,2021-12-08 05:00:00,,0.0,0.07695,0.07,,,,,,,,,,,,,,,,,,,,,,,,
303,2021-12-08 05:30:00,,0.0,0.0628,0.07,,,,,,,,,,,,,,,,,,,,,,,,
304,2021-12-08 06:00:00,,0.0,0.0766,0.07,,,,,,,,,,,,,,,,,,,,,,,,
305,2021-12-08 06:30:00,,0.0,0.06095,0.07,,,,,,,,,,,,,,,,,,,,,,,,
306,2021-12-08 07:00:00,,0.0,0.0758,0.08,,,,,,,,,,,,,,,,,,,,,,,,
307,2021-12-08 07:30:00,,0.0017,0.06265,0.075,,,,,,,,,,,,,,,,,,,,,,,,
308,2021-12-08 08:00:00,,0.06215,0.1175,0.13,,,,,,,,,,,,,,,,,,,,,,,,
309,2021-12-08 08:30:00,,0.09745,0.11375,0.17,,,,,,,,,,,,,,,,,,,,,,,,
310,2021-12-08 09:00:00,,0.14115,0.03635,0.145,,,,,,,,,,,,,,,,,,,,,,,,
311,2021-12-08 09:30:00,,0.22265,-0.10955,0.14,,,,,,,,,,,,,,,,,,,,,,,,
312,2021-12-08 10:00:00,,0.22155,-0.13105,0.12,,,,,,,,,,,,,,,,,,,,,,,,
313,2021-12-08 10:30:00,,0.2459,-0.1412,0.115,,,,,,,,,,,,,,,,,,,,,,,,
314,2021-12-08 11:00:00,,0.2899,-0.2057,0.115,,,,,,,,,,,,,,,,,,,,,,,,
315,2021-12-08 11:30:00,,0.43935,-0.3394,0.125,,,,,,,,,,,,,,,,,,,,,,,,
316,2021-12-08 12:00:00,,0.4689,-0.28035,0.115,,,,,,,,,,,,,,,,,,,,,,,,
317,2021-12-08 12:30:00,,0.5749,-0.30755,0.125,,,,,,,,,,,,,,,,,,,,,,,,
318,2021-12-08 13:00:00,,0.4268,-0.18995,0.14,,,,,,,,,,,,,,,,,,,,,,,,
319,2021-12-08 13:30:00,,0.35965,-0.1522,0.145,,,,,,,,,,,,,,,,,,,,,,,,
320,2021-12-08 14:00:00,,0.25115,-0.0516,0.13,,,,,,,,,,,,,,,,,,,,,,,,
321,2021-12-08 14:30:00,,0.18065,0.0162,0.125,,,,,,,,,,,,,,,,,,,,,,,,
322,2021-12-08 15:00:00,,0.09455,0.08905,0.12,,,,,,,,,,,,,,,,,,,,,,,,
323,2021-12-08 15:30:00,,0.0583,0.07525,0.12,,,,,,,,,,,,,,,,,,,,,,,,
324,2021-12-08 16:00:00,,0.02215,0.0622,0.125,,,,,,,,,,,,,,,,,,,,,,,,
325,2021-12-08 16:30:00,,0.00075,0.10395,0.155,,,,,,,,,,,,,,,,,,,,,,,,
326,2021-12-08 17:00:00,,0.0,0.20015,0.195,,,,,,,,,,,,,,,,,,,,,,,,
327,2021-12-08 17:30:00,,0.0,0.21465,0.205,,,,,,,,,,,,,,,,,,,,,,,,
328,2021-12-08 18:00:00,,0.0,0.17045,0.205,,,,,,,,,,,,,,,,,,,,,,,,
329,2021-12-08 18:30:00,,0.0,0.2005,0.22,,,,,,,,,,,,,,,,,,,,,,,,
330,2021-12-08 19:00:00,,0.0,0.18925,0.23,,,,,,,,,,,,,,,,,,,,,,,,
331,2021-12-08 19:30:00,,0.0,0.15165,0.195,,,,,,,,,,,,,,,,,,,,,,,,
332,2021-12-08 20:00:00,,0.0,0.2532,0.18,,,,,,,,,,,,,,,,,,,,,,,,
333,2021-12-08 20:30:00,,0.0,0.21685,0.175,,,,,,,,,,,,,,,,,,,,,,,,
334,2021-12-08 21:00:00,,0.0,0.18745,0.17,,,,,,,,,,,,,,,,,,,,,,,,
335,2021-12-08 21:30:00,,0.0,0.1497,0.17,,,,,,,,,,,,,,,,,,,,,,,,
336,2021-12-08 22:00:00,,0.0,0.1768,0.17,,,,,,,,,,,,,,,,,,,,,,,,
337,2021-12-08 22:30:00,,0.0,0.20635,0.175,,,,,,,,,,,,,,,,,,,,,,,,
338,2021-12-08 23:00:00,,0.0,0.25055,0.175,,,,,,,,,,,,,,,,,,,,,,,,
339,2021-12-08 23:30:00,,0.0,0.21945,0.14,,,,,,,,,,,,,,,,,,,,,,,,
413,2021-12-09 00:00:00,,0.0,0.10575,,,,,,,,,,,,,,,,,,,,,,,,,
414,2021-12-09 00:30:00,,0.0,0.0776,,,,,,,,,,,,,,,,,,,,,,,,,
415,2021-12-09 01:00:00,,0.0,0.07865,,,,,,,,,,,,,,,,,,,,,,,,,
416,2021-12-09 01:30:00,,0.0,0.08395,,,,,,,,,,,,,,,,,,,,,,,,,
417,2021-12-09 02:00:00,,0.0,0.07665,,,,,,,,,,,,,,,,,,,,,,,,,
418,2021-12-09 02:30:00,,0.0,0.07945,,,,,,,,,,,,,,,,,,,,,,,,,
419,2021-12-09 03:00:00,,0.0,0.07105,,,,,,,,,,,,,,,,,,,,,,,,,
420,2021-12-09 03:30:00,,0.0,0.0793,,,,,,,,,,,,,,,,,,,,,,,,,
421,2021-12-09 04:00:00,,0.0,0.0669,,,,,,,,,,,,,,,,,,,,,,,,,
422,2021-12-09 04:30:00,,0.0,0.07325,,,,,,,,,,,,,,,,,,,,,,,,,
423,2021-12-09 05:00:00,,0.0,0.06455,,,,,,,,,,,,,,,,,,,,,,,,,
424,2021-12-09 05:30:00,,0.0,0.05905,,,,,,,,,,,,,,,,,,,,,,,,,
425,2021-12-09 06:00:00,,0.0,0.0729,,,,,,,,,,,,,,,,,,,,,,,,,
426,2021-12-09 06:30:00,,0.0,0.06265,,,,,,,,,,,,,,,,,,,,,,,,,
427,2021-12-09 07:00:00,,0.0,0.0724,,,,,,,,,,,,,,,,,,,,,,,,,
428,2021-12-09 07:30:00,,0.0,0.05995,,,,,,,,,,,,,,,,,,,,,,,,,
429,2021-12-09 08:00:00,,0.03535,0.06325,,,,,,,,,,,,,,,,,,,,,,,,,
430,2021-12-09 08:30:00,,0.08225,0.17465,,,,,,,,,,,,,,,,,,,,,,,,,
431,2021-12-09 09:00:00,,0.22215,-0.06975,,,,,,,,,,,,,,,,,,,,,,,,,
432,2021-12-09 09:30:00,,0.4618,-0.33415,,,,,,,,,,,,,,,,,,,,,,,,,
433,2021-12-09 10:00:00,,1.04525,-0.95785,,,,,,,,,,,,,,,,,,,,,,,,,
434,2021-12-09 10:30:00,,1.2602,-1.18325,,,,,,,,,,,,,,,,,,,,,,,,,
435,2021-12-09 11:00:00,,1.3158,-1.22865,,,,,,,,,,,,,,,,,,,,,,,,,
436,2021-12-09 11:30:00,,1.38875,-1.3035,,,,,,,,,,,,,,,,,,,,,,,,,
437,2021-12-09 12:00:00,,1.31505,-1.2129,,,,,,,,,,,,,,,,,,,,,,,,,
438,2021-12-09 12:30:00,,1.23325,-1.16375,,,,,,,,,,,,,,,,,,,,,,,,,
439,2021-12-09 13:00:00,,1.2047,-1.10885,,,,,,,,,,,,,,,,,,,,,,,,,
440,2021-12-09 13:30:00,,1.0252,-0.90205,,,,,,,,,,,,,,,,,,,,,,,,,
441,2021-12-09 14:00:00,,1.09165,-1.00245,,,,,,,,,,,,,,,,,,,,,,,,,
442,2021-12-09 14:30:00,,0.9499,-0.8694,,,,,,,,,,,,,,,,,,,,,,,,,
443,2021-12-09 15:00:00,,0.76315,-0.69965,,,,,,,,,,,,,,,,,,,,,,,,,
444,2021-12-09 15:30:00,,0.52525,-0.44505,,,,,,,,,,,,,,,,,,,,,,,,,
445,2021-12-09 16:00:00,,0.2611,-0.18805,,,,,,,,,,,,,,,,,,,,,,,,,
446,2021-12-09 16:30:00,,0.0478,0.07455,,,,,,,,,,,,,,,,,,,,,,,,,
447,2021-12-09 17:00:00,,0.0,0.19855,,,,,,,,,,,,,,,,,,,,,,,,,
448,2021-12-09 17:30:00,,0.0,0.2066,,,,,,,,,,,,,,,,,,,,,,,,,
449,2021-12-09 18:00:00,,0.0,0.19425,,,,,,,,,,,,,,,,,,,,,,,,,
450,2021-12-09 18:30:00,,0.0,0.16925,,,,,,,,,,,,,,,,,,,,,,,,,
451,2021-12-09 19:00:00,,0.0,0.13405,,,,,,,,,,,,,,,,,,,,,,,,,
452,2021-12-09 19:30:00,,0.0,0.1672,,,,,,,,,,,,,,,,,,,,,,,,,
453,2021-12-09 20:00:00,,0.0,0.17085,,,,,,,,,,,,,,,,,,,,,,,,,
454,2021-12-09 20:30:00,,0.0,0.14485,,,,,,,,,,,,,,,,,,,,,,,,,
455,2021-12-09 21:00:00,,0.0,0.16885,,,,,,,,,,,,,,,,,,,,,,,,,
456,2021-12-09 21:30:00,,0.0,0.14325,,,,,,,,,,,,,,,,,,,,,,,,,
457,2021-12-09 22:00:00,,0.0,0.1577,,,,,,,,,,,,,,,,,,,,,,,,,
458,2021-12-09 22:30:00,,0.0,0.12805,,,,,,,,,,,,,,,,,,,,,,,,,
459,2021-12-09 23:00:00,,0.0,0.2026,,,,,,,,,,,,,,,,,,,,,,,,,
460,2021-12-09 23:30:00,,0.0,0.22605,,,,,,,,,,,,,,,,,,,,,,,,,
461,2021-12-10 00:00:00,,0.0,0.1508,,,,,,,,,,,,,,,,,,,,,,,,,
462,2021-12-10 00:30:00,,0.0,0.08105,,,,,,,,,,,,,,,,,,,,,,,,,
463,2021-12-10 01:00:00,,0.0,0.07435,,,,,,,,,,,,,,,,,,,,,,,,,
464,2021-12-10 01:30:00,,0.0,0.09,,,,,,,,,,,,,,,,,,,,,,,,,
465,2021-12-10 02:00:00,,0.0,0.0723,,,,,,,,,,,,,,,,,,,,,,,,,
466,2021-12-10 02:30:00,,0.0,0.0861,,,,,,,,,,,,,,,,,,,,,,,,,
467,2021-12-10 03:00:00,,0.0,0.07295,,,,,,,,,,,,,,,,,,,,,,,,,
468,2021-12-10 03:30:00,,0.0,0.07845,,,,,,,,,,,,,,,,,,,,,,,,,
469,2021-12-10 04:00:00,,0.0,0.07855,,,,,,,,,,,,,,,,,,,,,,,,,
470,2021-12-10 04:30:00,,0.0,0.0637,,,,,,,,,,,,,,,,,,,,,,,,,
471,2021-12-10 05:00:00,,0.0,0.0789,,,,,,,,,,,,,,,,,,,,,,,,,
472,2021-12-10 05:30:00,,0.0,0.06245,,,,,,,,,,,,,,,,,,,,,,,,,
473,2021-12-10 06:00:00,,0.0,0.07665,,,,,,,,,,,,,,,,,,,,,,,,,
474,2021-12-10 06:30:00,,0.0,0.06375,,,,,,,,,,,,,,,,,,,,,,,,,
475,2021-12-10 07:00:00,,0.0,0.07675,,,,,,,,,,,,,,,,,,,,,,,,,
476,2021-12-10 07:30:00,,0.0136,0.05795,,,,,,,,,,,,,,,,,,,,,,,,,
477,2021-12-10 08:00:00,,0.0971,-0.00315,,,,,,,,,,,,,,,,,,,,,,,,,
478,2021-12-10 08:30:00,,0.31245,-0.04185,,,,,,,,,,,,,,,,,,,,,,,,,
479,2021-12-10 09:00:00,,0.32655,-0.15065,,,,,,,,,,,,,,,,,,,,,,,,,
480,2021-12-10 09:30:00,,0.74615,-0.6222,,,,,,,,,,,,,,,,,,,,,,,,,
481,2021-12-10 10:00:00,,0.73835,-0.63445,,,,,,,,,,,,,,,,,,,,,,,,,
482,2021-12-10 10:30:00,,0.88145,-0.8005,,,,,,,,,,,,,,,,,,,,,,,,,
483,2021-12-10 11:00:00,,0.94745,-0.8814,,,,,,,,,,,,,,,,,,,,,,,,,
484,2021-12-10 11:30:00,,1.3834,-1.2992,,,,,,,,,,,,,,,,,,,,,,,,,
485,2021-12-10 12:00:00,,1.2802,-1.2055,,,,,,,,,,,,,,,,,,,,,,,,,
486,2021-12-10 12:30:00,,0.7982,-0.6317,,,,,,,,,,,,,,,,,,,,,,,,,
487,2021-12-10 13:00:00,,1.0395,-0.93765,,,,,,,,,,,,,,,,,,,,,,,,,
488,2021-12-10 13:30:00,,0.6547,-0.5204,,,,,,,,,,,,,,,,,,,,,,,,,
489,2021-12-10 14:00:00,,0.78055,-0.6979,,,,,,,,,,,,,,,,,,,,,,,,,
490,2021-12-10 14:30:00,,0.84075,-0.74085,,,,,,,,,,,,,,,,,,,,,,,,,
491,2021-12-10 15:00:00,0.39,0.4849,-0.4053,,,,,,,,,,,,,,,,,,,,,,,,,
492,2021-12-10 15:30:00,0.235,0.4947,-0.41165,,,,,,,,,,,,,,,,,,,,,,,,,
495,2021-12-10 16:00:00,,0.1384,-0.06655,,,,,,,,,,,,,,,,,,,,,,,,,
496,2021-12-10 16:30:00,,0.0076,0.1173,,,,,,,,,,,,,,,,,,,,,,,,,
497,2021-12-10 17:00:00,,0.0,0.26125,,,,,,,,,,,,,,,,,,,,,,,,,
498,2021-12-10 17:30:00,,0.0,0.1778,,,,,,,,,,,,,,,,,,,,,,,,,
499,2021-12-10 18:00:00,0.0,0.0,0.25695,,,,,,,,,,,,,,,,,,,,,,,,,
500,2021-12-10 18:30:00,0.0,0.0,0.24335,,,,,,,,,,,,,,,,,,,,,,,,,
501,2021-12-10 19:00:00,0.0,0.0,0.21395,,,,,,,,,,,,,,,,,,,,,,,,,
502,2021-12-10 19:30:00,0.0,0.0,0.17905,,,,,,,,,,,,,,,,,,,,,,,,,
503,2021-12-10 20:00:00,0.0,0.0,0.18535,,,,,,,,,,,,,,,,,,,,,,,,,
504,2021-12-10 20:30:00,0.0,0.0,0.17965,,,,,,,,,,,,,,,,,,,,,,,,,
505,2021-12-10 21:00:00,0.0,0.0,0.19075,,,,,,,,,,,,,,,,,,,,,,,,,
506,2021-12-10 21:30:00,0.0,0.0,0.18535,,,,,,,,,,,,,,,,,,,,,,,,,
507,2021-12-10 22:00:00,0.0,0.0,0.16795,,,,,,,,,,,,,,,,,,,,,,,,,
508,2021-12-10 22:30:00,0.0,0.0,0.19155,,,,,,,,,,,,,,,,,,,,,,,,,
509,2021-12-10 23:00:00,0.0,0.0,0.20155,,,,,,,,,,,,,,,,,,,,,,,,,
510,2021-12-10 23:30:00,0.0,0.0,0.19185,,,,,,,,,,,,,,,,,,,,,,,,,
511,2021-12-11 00:00:00,0.0,0.0,0.1022,,,,,,,,,,,,,,,,,,,,,,,,,
512,2021-12-11 00:30:00,0.0,0.0,0.0959,,,,,,,,,,,,,,,,,,,,,,,,,
513,2021-12-11 01:00:00,0.0,0.0,0.07485,,,,,,,,,,,,,,,,,,,,,,,,,
514,2021-12-11 01:30:00,0.0,0.0,0.08845,,,,,,,,,,,,,,,,,,,,,,,,,
515,2021-12-11 02:00:00,0.0,0.0,0.07055,,,,,,,,,,,,,,,,,,,,,,,,,
516,2021-12-11 02:30:00,0.0,0.0,0.08795,,,,,,,,,,,,,,,,,,,,,,,,,
517,2021-12-11 03:00:00,0.0,0.0,0.06995,,,,,,,,,,,,,,,,,,,,,,,,,
518,2021-12-11 03:30:00,0.0,0.0,0.08595,,,,,,,,,,,,,,,,,,,,,,,,,
519,2021-12-11 04:00:00,0.0,0.0,0.06255,,,,,,,,,,,,,,,,,,,,,,,,,
520,2021-12-11 04:30:00,0.0,0.0,0.0752,,,,,,,,,,,,,,,,,,,,,,,,,
521,2021-12-11 05:00:00,0.0,0.0,0.0609,,,,,,,,,,,,,,,,,,,,,,,,,
522,2021-12-11 05:30:00,0.0,0.0,0.07255,,,,,,,,,,,,,,,,,,,,,,,,,
523,2021-12-11 06:00:00,0.0,0.0,0.05895,,,,,,,,,,,,,,,,,,,,,,,,,
524,2021-12-11 06:30:00,0.0,0.0,0.0715,,,,,,,,,,,,,,,,,,,,,,,,,
525,2021-12-11 07:00:00,0.0,0.0,0.06045,,,,,,,,,,,,,,,,,,,,,,,,,
526,2021-12-11 07:30:00,0.05,0.1556,-0.08555,,,,,,,,,,,,,,,,,,,,,,,,,
527,2021-12-11 08:00:00,0.15,0.4159,-0.30585,,,,,,,,,,,,,,,,,,,,,,,,,
528,2021-12-11 08:30:00,0.25,0.6499,-0.3185,,,,,,,,,,,,,,,,,,,,,,,,,
529,2021-12-11 09:00:00,0.445,0.8601,-0.71575,,,,,,,,,,,,,,,,,,,,,,,,,
530,2021-12-11 09:30:00,0.525,1.014,-0.90395,,,,,,,,,,,,,,,,,,,,,,,,,
531,2021-12-11 10:00:00,0.68,1.13735,-1.05485,,,,,,,,,,,,,,,,,,,,,,,,,
532,2021-12-11 10:30:00,0.735,1.22685,-1.14735,,,,,,,,,,,,,,,,,,,,,,,,,
533,2021-12-11 11:00:00,0.84,1.2926,-1.2278,,,,,,,,,,,,,,,,,,,,,,,,,
534,2021-12-11 11:30:00,0.86,1.32805,-1.2065,,,,,,,,,,,,,,,,,,,,,,,,,
535,2021-12-11 12:00:00,0.905,1.32895,-1.22535,,,,,,,,,,,,,,,,,,,,,,,,,
536,2021-12-11 12:30:00,0.89,1.3064,-1.22275,,,,,,,,,,,,,,,,,,,,,,,,,
537,2021-12-11 13:00:00,0.86,1.2766,-1.20735,,,,,,,,,,,,,,,,,,,,,,,,,
538,2021-12-11 13:30:00,0.81,1.1967,-0.99795,,,,,,,,,,,,,,,,,,,,,,,,,
539,2021-12-11 14:00:00,0.715,1.0977,-1.0137,,,,,,,,,,,,,,,,,,,,,,,,,
540,2021-12-11 14:30:00,0.565,0.9509,-0.8729,,,,,,,,,,,,,,,,,,,,,,,,,
541,2021-12-11 15:00:00,0.49,0.76475,-0.70495,,,,,,,,,,,,,,,,,,,,,,,,,
542,2021-12-11 15:30:00,0.305,0.54625,-0.4707,,,,,,,,,,,,,,,,,,,,,,,,,
543,2021-12-11 16:00:00,0.215,0.2892,-0.2333,,,,,,,,,,,,,,,,,,,,,,,,,
544,2021-12-11 16:30:00,0.08,0.0633,0.0357,,,,,,,,,,,,,,,,,,,,,,,,,
545,2021-12-11 17:00:00,0.01,0.0,0.19325,,,,,,,,,,,,,,,,,,,,,,,,,
546,2021-12-11 17:30:00,0.005,0.0,0.23625,,,,,,,,,,,,,,,,,,,,,,,,,
547,2021-12-11 18:00:00,0.0,0.0,0.15635,,,,,,,,,,,,,,,,,,,,,,,,,
548,2021-12-11 18:30:00,0.0,0.0,0.18325,,,,,,,,,,,,,,,,,,,,,,,,,
549,2021-12-11 19:00:00,0.0,0.0,0.19355,,,,,,,,,,,,,,,,,,,,,,,,,
550,2021-12-11 19:30:00,0.0,0.0,0.14855,,,,,,,,,,,,,,,,,,,,,,,,,
551,2021-12-11 20:00:00,0.0,0.0,0.14725,,,,,,,,,,,,,,,,,,,,,,,,,
552,2021-12-11 20:30:00,0.0,0.0,0.15745,,,,,,,,,,,,,,,,,,,,,,,,,
553,2021-12-11 21:00:00,0.0,0.0,0.22675,,,,,,,,,,,,,,,,,,,,,,,,,
554,2021-12-11 21:30:00,0.0,0.0,0.25645,,,,,,,,,,,,,,,,,,,,,,,,,
555,2021-12-11 22:00:00,0.0,0.0,0.228,,,,,,,,,,,,,,,,,,,,,,,,,
556,2021-12-11 22:30:00,0.0,0.0,0.16925,,,,,,,,,,,,,,,,,,,,,,,,,
557,2021-12-11 23:00:00,0.0,0.0,0.11575,,,,,,,,,,,,,,,,,,,,,,,,,
558,2021-12-11 23:30:00,0.0,0.0,0.16365,,,,,,,,,,,,,,,,,,,,,,,,,
559,2021-12-12 00:00:00,0.0,0.0,0.11125,,,,,,,,,,,,,,,,,,,,,,,,,
560,2021-12-12 00:30:00,0.0,0.0,0.0823,,,,,,,,,,,,,,,,,,,,,,,,,
561,2021-12-12 01:00:00,0.0,0.0,0.0777,,,,,,,,,,,,,,,,,,,,,,,,,
562,2021-12-12 01:30:00,0.0,0.0,0.07925,,,,,,,,,,,,,,,,,,,,,,,,,
563,2021-12-12 02:00:00,0.0,0.0,0.0809,,,,,,,,,,,,,,,,,,,,,,,,,
564,2021-12-12 02:30:00,0.0,0.0,0.07255,,,,,,,,,,,,,,,,,,,,,,,,,
565,2021-12-12 03:00:00,0.0,0.0,0.07405,,,,,,,,,,,,,,,,,,,,,,,,,
637,2021-12-12 03:30:00,0.0,0.0,0.0757,,,,,,,,,,,,,,,,,,,,,,,,,
638,2021-12-12 04:00:00,0.0,0.0,0.07135,,,,,,,,,,,,,,,,,,,,,,,,,
639,2021-12-12 04:30:00,0.0,0.0,0.0694,,,,,,,,,,,,,,,,,,,,,,,,,
640,2021-12-12 05:00:00,0.0,0.0,0.0654,,,,,,,,,,,,,,,,,,,,,,,,,
641,2021-12-12 05:30:00,0.0,0.0,0.07435,,,,,,,,,,,,,,,,,,,,,,,,,
642,2021-12-12 06:00:00,0.0,0.0,0.06515,,,,,,,,,,,,,,,,,,,,,,,,,
716,2021-12-12 06:30:00,0.0,0.0,0.07195,,,,,,,,,,,,,,,,,,,,,,,,,
717,2021-12-12 07:00:00,0.0,0.00185,0.05685,,,,,,,,,,,,,,,,,,,,,,,,,
718,2021-12-12 07:30:00,0.05,0.07035,0.0059,,,,,,,,,,,,,,,,,,,,,,,,,
719,2021-12-12 08:00:00,0.145,0.1314,-0.07,,,,,,,,,,,,,,,,,,,,,,,,,
720,2021-12-12 08:30:00,0.235,0.5585,-0.4768,,,,,,,,,,,,,,,,,,,,,,,,,
721,2021-12-12 09:00:00,0.405,0.8225,-0.73115,,,,,,,,,,,,,,,,,,,,,,,,,
795,2021-12-12 09:30:00,0.48,0.5454,-0.25575,,,,,,,,,,,,,,,,,,,,,,,,,
796,2021-12-12 10:00:00,0.635,0.49155,-0.29085,,,,,,,,,,,,,,,,,,,,,,,,,
797,2021-12-12 10:30:00,0.68,0.91,-0.68555,,,,,,,,,,,,,,,,,,,,,,,,,
798,2021-12-12 11:00:00,0.77,1.11185,-0.91485,,,,,,,,,,,,,,,,,,,,,,,,,
799,2021-12-12 11:30:00,0.79,1.19785,-1.01665,,,,,,,,,,,,,,,,,,,,,,,,,
800,2021-12-12 12:00:00,0.815,0.37065,-0.21465,,,,,,,,,,,,,,,,,,,,,,,,,
874,2021-12-12 12:30:00,0.79,0.9134,-0.71645,,,,,,,,,,,,,,,,,,,,,,,,,
875,2021-12-12 13:00:00,0.745,1.33075,-1.19475,,,,,,,,,,,,,,,,,,,,,,,,,
876,2021-12-12 13:30:00,0.69,1.23295,-1.14965,,,,,,,,,,,,,,,,,,,,,,,,,
877,2021-12-12 14:00:00,0.575,1.1127,-1.03195,,,,,,,,,,,,,,,,,,,,,,,,,
878,2021-12-12 14:30:00,0.475,0.9733,-0.89605,,,,,,,,,,,,,,,,,,,,,,,,,
879,2021-12-12 15:00:00,0.455,0.46795,-0.38355,,,,,,,,,,,,,,,,,,,,,,,,,
953,2021-12-12 15:30:00,0.29,0.5193,-0.44505,,,,,,,,,,,,,,,,,,,,,,,,,
954,2021-12-12 16:00:00,0.205,0.2012,-0.12375,,,,,,,,,,,,,,,,,,,,,,,,,
955,2021-12-12 16:30:00,0.075,0.03045,0.03995,,,,,,,,,,,,,,,,,,,,,,,,,
956,2021-12-12 17:00:00,0.01,0.0,0.0772,,,,,,,,,,,,,,,,,,,,,,,,,
957,2021-12-12 17:30:00,0.005,0.0,0.18905,,,,,,,,,,,,,,,,,,,,,,,,,
958,2021-12-12 18:00:00,0.0,0.0,0.15605,,,,,,,,,,,,,,,,,,,,,,,,,
1032,2021-12-12 18:30:00,0.0,0.0,0.16615,,,,,,,,,,,,,,,,,,,,,,,,,
1033,2021-12-12 19:00:00,0.0,0.0,0.19205,,,,,,,,,,,,,,,,,,,,,,,,,
1034,2021-12-12 19:30:00,0.0,0.0,0.15215,,,,,,,,,,,,,,,,,,,,,,,,,
1035,2021-12-12 20:00:00,0.0,0.0,0.17255,,,,,,,,,,,,,,,,,,,,,,,,,
1036,2021-12-12 20:30:00,0.0,0.0,0.14375,,,,,,,,,,,,,,,,,,,,,,,,,
1037,2021-12-12 21:00:00,0.0,0.0,0.14285,,,,,,,,,,,,,,,,,,,,,,,,,
1111,2021-12-12 21:30:00,0.0,0.0,0.18555,,,,,,,,,,,,,,,,,,,,,,,,,
1112,2021-12-12 22:00:00,0.0,0.0,0.2138,,,,,,,,,,,,,,,,,,,,,,,,,
1113,2021-12-12 22:30:00,0.0,0.0,0.24855,,,,,,,,,,,,,,,,,,,,,,,,,
1114,2021-12-12 23:00:00,0.0,0.0,0.19145,,,,,,,,,,,,,,,,,,,,,,,,,
1115,2021-12-12 23:30:00,0.0,0.0,0.11135,,,,,,,,,,,,,,,,,,,,,,,,,
1116,2021-12-13 00:00:00,0.0,0.0,0.078,,,,,,,,,,,,,,,,,,,,,,,,,
1190,2021-12-13 00:30:00,0.0,0.0,0.08875,,,,,,,,,,,,,,,,,,,,,,,,,
1191,2021-12-13 01:00:00,0.0,0.0,0.0808,,,,,,,,,,,,,,,,,,,,,,,,,
1192,2021-12-13 01:30:00,0.0,0.0,0.0811,,,,,,,,,,,,,,,,,,,,,,,,,
1193,2021-12-13 02:00:00,0.0,0.0,0.08255,,,,,,,,,,,,,,,,,,,,,,,,,
1194,2021-12-13 02:30:00,0.0,0.0,0.07285,,,,,,,,,,,,,,,,,,,,,,,,,
1195,2021-12-13 03:00:00,0.0,0.0,0.08025,,,,,,,,,,,,,,,,,,,,,,,,,
1269,2021-12-13 03:30:00,0.0,0.0,0.0715,,,,,,,,,,,,,,,,,,,,,,,,,
1270,2021-12-13 04:00:00,0.0,0.0,0.0763,,,,,,,,,,,,,,,,,,,,,,,,,
1271,2021-12-13 04:30:00,0.0,0.0,0.06485,,,,,,,,,,,,,,,,,,,,,,,,,
1272,2021-12-13 05:00:00,0.0,0.0,0.07365,,,,,,,,,,,,,,,,,,,,,,,,,
1273,2021-12-13 05:30:00,0.0,0.0,0.0641,,,,,,,,,,,,,,,,,,,,,,,,,
1274,2021-12-13 06:00:00,0.0,0.0,0.07015,,,,,,,,,,,,,,,,,,,,,,,,,
1348,2021-12-13 06:30:00,0.0,0.0,0.067,,,,,,,,,,,,,,,,,,,,,,,,,
1349,2021-12-13 07:00:00,0.0,0.0,0.06945,,,,,,,,,,,,,,,,,,,,,,,,,
1350,2021-12-13 07:30:00,0.1,0.13945,-0.07255,,,,,,,,,,,,,,,,,,,,,,,,,
1351,2021-12-13 08:00:00,0.15,0.4457,-0.37855,,,,,,,,,,,,,,,,,,,,,,,,,
1352,2021-12-13 08:30:00,0.25,0.70045,-0.3603,,,,,,,,,,,,,,,,,,,,,,,,,
1353,2021-12-13 09:00:00,0.44,0.9106,-0.73125,,,,,,,,,,,,,,,,,,,,,,,,,
1427,2021-12-13 09:30:00,0.525,1.07465,-0.9058,,,,,,,,,,,,,,,,,,,,,,,,,
1428,2021-12-13 10:00:00,0.695,1.2013,-1.03575,,,,,,,,,,,,,,,,,,,,,,,,,
1429,2021-12-13 10:30:00,0.745,1.2998,-1.14775,,,,,,,,,,,,,,,,,,,,,,,,,
1430,2021-12-13 11:00:00,0.855,1.3645,-1.20985,,,,,,,,,,,,,,,,,,,,,,,,,
1431,2021-12-13 11:30:00,0.88,1.40415,-1.24625,,,,,,,,,,,,,,,,,,,,,,,,,
1432,2021-12-13 12:00:00,0.915,1.41205,-1.34015,,,,,,,,,,,,,,,,,,,,,,,,,
1506,2021-12-13 12:30:00,0.905,1.38815,-1.30445,,,,,,,,,,,,,,,,,,,,,,,,,
1507,2021-12-13 13:00:00,0.88,1.34955,-1.28585,,,,,,,,,,,,,,,,,,,,,,,,,
1508,2021-12-13 13:30:00,0.83,1.27245,-1.00235,,,,,,,,,,,,,,,,,,,,,,,,,
1509,2021-12-13 14:00:00,0.735,1.15485,-1.036,,,,,,,,,,,,,,,,,,,,,,,,,
1510,2021-12-13 14:30:00,0.585,1.00275,-0.85285,,,,,,,,,,,,,,,,,,,,,,,,,
1511,2021-12-13 15:00:00,0.505,0.79445,-0.69335,,,,,,,,,,,,,,,,,,,,,,,,,
1585,2021-12-13 15:30:00,0.315,0.56585,-0.4848,,,,,,,,,,,,,,,,,,,,,,,,,
1586,2021-12-13 16:00:00,0.225,0.3141,-0.11505,,,,,,,,,,,,,,,,,,,,,,,,,
1587,2021-12-13 16:30:00,0.085,0.07835,0.11775,,,,,,,,,,,,,,,,,,,,,,,,,
1588,2021-12-13 17:00:00,0.015,0.0,0.1855,,,,,,,,,,,,,,,,,,,,,,,,,
1589,2021-12-13 17:30:00,0.005,0.0,0.18695,,,,,,,,,,,,,,,,,,,,,,,,,
1590,2021-12-13 18:00:00,0.0,0.0,0.15895,,,,,,,,,,,,,,,,,,,,,,,,,
1664,2021-12-13 18:30:00,0.0,0.0,0.3245,,,,,,,,,,,,,,,,,,,,,,,,,
1665,2021-12-13 19:00:00,0.0,0.0,0.21435,,,,,,,,,,,,,,,,,,,,,,,,,
1666,2021-12-13 19:30:00,0.0,0.0,0.1707,,,,,,,,,,,,,,,,,,,,,,,,,
1667,2021-12-13 20:00:00,0.0,0.0,0.14235,,,,,,,,,,,,,,,,,,,,,,,,,
1668,2021-12-13 20:30:00,0.0,0.0,0.14545,,,,,,,,,,,,,,,,,,,,,,,,,
1669,2021-12-13 21:00:00,0.0,0.0,0.1523,,,,,,,,,,,,,,,,,,,,,,,,,
1743,2021-12-13 21:30:00,0.0,0.0,0.20545,,,,,,,,,,,,,,,,,,,,,,,,,
1744,2021-12-13 22:00:00,0.0,0.0,0.20715,,,,,,,,,,,,,,,,,,,,,,,,,
1745,2021-12-13 22:30:00,0.0,0.0,0.2274,,,,,,,,,,,,,,,,,,,,,,,,,
1746,2021-12-13 23:00:00,0.0,0.0,0.1902,,,,,,,,,,,,,,,,,,,,,,,,,
1747,2021-12-13 23:30:00,0.0,0.0,0.18055,,,,,,,,,,,,,,,,,,,,,,,,,
1748,2021-12-14 00:00:00,0.0,0.0,0.09085,,,,,,,,,,,,,,,,,,,,,,,,,
1822,2021-12-14 00:30:00,0.0,0.0,0.06955,,,,,,,,,,,,,,,,,,,,,,,,,
1823,2021-12-14 01:00:00,0.0,0.0,0.0549,,,,,,,,,,,,,,,,,,,,,,,,,
1824,2021-12-14 01:30:00,0.0,0.0,0.0693,,,,,,,,,,,,,,,,,,,,,,,,,
1825,2021-12-14 02:00:00,0.0,0.0,0.0523,,,,,,,,,,,,,,,,,,,,,,,,,
1826,2021-12-14 02:30:00,0.0,0.0,0.06965,,,,,,,,,,,,,,,,,,,,,,,,,
1827,2021-12-14 03:00:00,0.0,0.0,0.05355,,,,,,,,,,,,,,,,,,,,,,,,,
1901,2021-12-14 03:30:00,0.0,0.0,0.07075,,,,,,,,,,,,,,,,,,,,,,,,,
1902,2021-12-14 04:00:00,0.0,0.0,0.05275,,,,,,,,,,,,,,,,,,,,,,,,,
1903,2021-12-14 04:30:00,0.0,0.0,0.07045,,,,,,,,,,,,,,,,,,,,,,,,,
1904,2021-12-14 05:00:00,0.0,0.0,0.05575,,,,,,,,,,,,,,,,,,,,,,,,,
1905,2021-12-14 05:30:00,0.0,0.0,0.06465,,,,,,,,,,,,,,,,,,,,,,,,,
1906,2021-12-14 06:00:00,0.0,0.0,0.04925,,,,,,,,,,,,,,,,,,,,,,,,,
1980,2021-12-14 06:30:00,0.0,0.0,0.06625,,,,,,,,,,,,,,,,,,,,,,,,,
1981,2021-12-14 07:00:00,0.0,0.0,0.05095,,,,,,,,,,,,,,,,,,,,,,,,,
1982,2021-12-14 07:30:00,0.03,0.0121,0.05555,,,,,,,,,,,,,,,,,,,,,,,,,
1983,2021-12-14 08:00:00,0.045,0.04165,0.12025,,,,,,,,,,,,,,,,,,,,,,,,,
1984,2021-12-14 08:30:00,0.065,0.0677,0.20445,,,,,,,,,,,,,,,,,,,,,,,,,
1985,2021-12-14 09:00:00,0.12,0.0533,0.14835,,,,,,,,,,,,,,,,,,,,,,,,,
2059,2021-12-14 09:30:00,0.125,0.0171,0.1171,,,,,,,,,,,,,,,,,,,,,,,,,
2060,2021-12-14 10:00:00,0.13,0.04185,0.0781,,,,,,,,,,,,,,,,,,,,,,,,,
2061,2021-12-14 10:30:00,0.18,0.0522,0.1592,,,,,,,,,,,,,,,,,,,,,,,,,
2062,2021-12-14 11:00:00,0.28,0.1243,0.05195,,,,,,,,,,,,,,,,,,,,,,,,,
2063,2021-12-14 11:30:00,0.305,0.0725,0.16425,,,,,,,,,,,,,,,,,,,,,,,,,
2064,2021-12-14 12:00:00,0.265,0.07915,0.10815,,,,,,,,,,,,,,,,,,,,,,,,,
2138,2021-12-14 12:30:00,0.25,0.0967,0.09495,,,,,,,,,,,,,,,,,,,,,,,,,
2139,2021-12-14 13:00:00,0.215,0.20005,0.07625,,,,,,,,,,,,,,,,,,,,,,,,,
2140,2021-12-14 13:30:00,0.14,0.1597,0.08305,,,,,,,,,,,,,,,,,,,,,,,,,
2141,2021-12-14 14:00:00,0.1,0.83025,-0.60845,,,,,,,,,,,,,,,,,,,,,,,,,
2142,2021-12-14 14:30:00,0.105,0.9279,-0.6984,,,,,,,,,,,,,,,,,,,,,,,,,
2143,2021-12-14 15:00:00,0.1,0.38625,-0.2185,,,,,,,,,,,,,,,,,,,,,,,,,
2217,2021-12-14 15:30:00,0.105,0.0704,0.12305,,,,,,,,,,,,,,,,,,,,,,,,,
2218,2021-12-14 16:00:00,0.105,0.21135,-0.02995,,,,,,,,,,,,,,,,,,,,,,,,,
2219,2021-12-14 16:30:00,0.04,0.0347,0.178,,,,,,,,,,,,,,,,,,,,,,,,,
2220,2021-12-14 17:00:00,0.01,0.0,0.30735,,,,,,,,,,,,,,,,,,,,,,,,,
2221,2021-12-14 17:30:00,0.005,0.0,0.32875,,,,,,,,,,,,,,,,,,,,,,,,,
2222,2021-12-14 18:00:00,0.0,0.0,0.27405,,,,,,,,,,,,,,,,,,,,,,,,,
2296,2021-12-14 18:30:00,0.0,0.0,0.2539,,,,,,,,,,,,,,,,,,,,,,,,,
2297,2021-12-14 19:00:00,0.0,0.0,0.21355,,,,,,,,,,,,,,,,,,,,,,,,,
2298,2021-12-14 19:30:00,0.0,0.0,0.25845,,,,,,,,,,,,,,,,,,,,,,,,,
2299,2021-12-14 20:00:00,0.0,0.0,0.1672,,,,,,,,,,,,,,,,,,,,,,,,,
2300,2021-12-14 20:30:00,0.0,0.0,0.15965,,,,,,,,,,,,,,,,,,,,,,,,,
2301,2021-12-14 21:00:00,0.0,0.0,0.1024,,,,,,,,,,,,,,,,,,,,,,,,,
2375,2021-12-14 21:30:00,0.0,0.0,0.17015,,,,,,,,,,,,,,,,,,,,,,,,,
2376,2021-12-14 22:00:00,0.0,0.0,0.17445,,,,,,,,,,,,,,,,,,,,,,,,,
2377,2021-12-14 22:30:00,0.0,0.0,0.2629,,,,,,,,,,,,,,,,,,,,,,,,,
2378,2021-12-14 23:00:00,0.0,0.0,0.25895,,,,,,,,,,,,,,,,,,,,,,,,,
2379,2021-12-14 23:30:00,0.0,0.0,0.18635,,,,,,,,,,,,,,,,,,,,,,,,,
2380,2021-12-15 00:00:00,0.0,0.0,0.08565,,,,,,,,,,,,,,,,,,,,,,,,,
2455,2021-12-15 00:30:00,0.0,0.0,0.0847,,,,,,,,,,,,,,,,,,,,,,,,,
2456,2021-12-15 01:00:00,0.0,0.0,0.07325,,,,,,,,,,,,,,,,,,,,,,,,,
2457,2021-12-15 01:30:00,0.0,0.0,0.08095,,,,,,,,,,,,,,,,,,,,,,,,,
2458,2021-12-15 02:00:00,0.0,0.0,0.0719,,,,,,,,,,,,,,,,,,,,,,,,,
2459,2021-12-15 02:30:00,0.0,0.0,0.07975,,,,,,,,,,,,,,,,,,,,,,,,,
2460,2021-12-15 03:00:00,0.0,0.0,0.0688,,,,,,,,,,,,,,,,,,,,,,,,,
2535,2021-12-15 03:30:00,0.0,0.0,0.0786,,,,,,,,,,,,,,,,,,,,,,,,,
2536,2021-12-15 04:00:00,0.0,0.0,0.0734,,,,,,,,,,,,,,,,,,,,,,,,,
2537,2021-12-15 04:30:00,0.0,0.0,0.1041,,,,,,,,,,,,,,,,,,,,,,,,,
2538,2021-12-15 05:00:00,0.0,0.0,0.09595,,,,,,,,,,,,,,,,,,,,,,,,,
2539,2021-12-15 05:30:00,0.0,0.0,0.07635,,,,,,,,,,,,,,,,,,,,,,,,,
2540,2021-12-15 06:00:00,0.0,0.0,0.10745,,,,,,,,,,,,,,,,,,,,,,,,,
2614,2021-12-15 06:30:00,0.0,0.0,0.06215,,,,,,,,,,,,,,,,,,,,,,,,,
2615,2021-12-15 07:00:00,0.0,0.0,0.11165,,,,,,,,,,,,,,,,,,,,,,,,,
2616,2021-12-15 07:30:00,0.05,0.13705,0.0488,,,,,,,,,,,,,,,,,,,,,,,,,
2617,2021-12-15 08:00:00,0.145,0.43175,-0.21705,,,,,,,,,,,,,,,,,,,,,,,,,
2618,2021-12-15 08:30:00,0.245,0.68145,-0.53595,,,,,,,,,,,,,,,,,,,,,,,,,
2619,2021-12-15 09:00:00,0.445,0.9026,-0.79195,,,,,,,,,,,,,,,,,,,,,,,,,
2693,2021-12-15 09:30:00,0.525,1.0598,-0.96625,,,,,,,,,,,,,,,,,,,,,,,,,
2694,2021-12-15 10:00:00,0.69,1.1785,-1.0998,,,,,,,,,,,,,,,,,,,,,,,,,
2695,2021-12-15 10:30:00,0.74,1.2639,-1.15165,,,,,,,,,,,,,,,,,,,,,,,,,
2696,2021-12-15 11:00:00,0.85,1.3356,-1.2211,,,,,,,,,,,,,,,,,,,,,,,,,
2697,2021-12-15 11:30:00,0.87,1.36475,-1.2461,,,,,,,,,,,,,,,,,,,,,,,,,
2698,2021-12-15 12:00:00,0.91,1.37655,-1.30335,,,,,,,,,,,,,,,,,,,,,,,,,
2772,2021-12-15 12:30:00,0.895,1.3556,-1.19005,,,,,,,,,,,,,,,,,,,,,,,,,
2773,2021-12-15 13:00:00,0.865,1.2954,-1.18485,,,,,,,,,,,,,,,,,,,,,,,,,
2774,2021-12-15 13:30:00,0.82,1.19015,-1.1008,,,,,,,,,,,,,,,,,,,,,,,,,
2775,2021-12-15 14:00:00,0.725,1.08455,-1.0181,,,,,,,,,,,,,,,,,,,,,,,,,
2776,2021-12-15 14:30:00,0.575,0.9788,-0.89125,,,,,,,,,,,,,,,,,,,,,,,,,
2777,2021-12-15 15:00:00,0.5,0.7836,-0.71385,,,,,,,,,,,,,,,,,,,,,,,,,
2851,2021-12-15 15:30:00,0.315,0.5568,-0.46915,,,,,,,,,,,,,,,,,,,,,,,,,
2852,2021-12-15 16:00:00,0.22,0.2926,-0.22815,,,,,,,,,,,,,,,,,,,,,,,,,
2853,2021-12-15 16:30:00,0.08,0.06805,0.01075,,,,,,,,,,,,,,,,,,,,,,,,,
2854,2021-12-15 17:00:00,0.015,0.0,0.0838,,,,,,,,,,,,,,,,,,,,,,,,,
2855,2021-12-15 17:30:00,0.005,0.0,0.22595,,,,,,,,,,,,,,,,,,,,,,,,,
2856,2021-12-15 18:00:00,0.0,0.0,0.20025,,,,,,,,,,,,,,,,,,,,,,,,,
2930,2021-12-15 18:30:00,0.0,0.0,0.21685,,,,,,,,,,,,,,,,,,,,,,,,,
2931,2021-12-15 19:00:00,0.0,0.0,0.20645,,,,,,,,,,,,,,,,,,,,,,,,,
2932,2021-12-15 19:30:00,0.0,0.0,0.14155,,,,,,,,,,,,,,,,,,,,,,,,,
2933,2021-12-15 20:00:00,0.0,0.0,0.17595,,,,,,,,,,,,,,,,,,,,,,,,,
2934,2021-12-15 20:30:00,0.0,0.0,0.1785,,,,,,,,,,,,,,,,,,,,,,,,,
2935,2021-12-15 21:00:00,0.0,0.0,0.14165,,,,,,,,,,,,,,,,,,,,,,,,,
3009,2021-12-15 21:30:00,0.0,0.0,0.1244,,,,,,,,,,,,,,,,,,,,,,,,,
3010,2021-12-15 22:00:00,0.0,0.0,0.15505,,,,,,,,,,,,,,,,,,,,,,,,,
3011,2021-12-15 22:30:00,0.0,0.0,0.17615,,,,,,,,,,,,,,,,,,,,,,,,,
3012,2021-12-15 23:00:00,0.0,0.0,0.23755,,,,,,,,,,,,,,,,,,,,,,,,,
3013,2021-12-15 23:30:00,0.0,0.0,0.20635,,,,,,,,,,,,,,,,,,,,,,,,,
3014,2021-12-16 00:00:00,0.0,0.0,0.1071,,,,,,,,,,,,,,,,,,,,,,,,,
3088,2021-12-16 00:30:00,0.0,0.0,0.06085,,,,,,,,,,,,,,,,,,,,,,,,,
3089,2021-12-16 01:00:00,0.0,0.0,0.06445,,,,,,,,,,,,,,,,,,,,,,,,,
3090,2021-12-16 01:30:00,0.0,0.0,0.04895,,,,,,,,,,,,,,,,,,,,,,,,,
3091,2021-12-16 02:00:00,0.0,0.0,0.07155,,,,,,,,,,,,,,,,,,,,,,,,,
3092,2021-12-16 02:30:00,0.0,0.0,0.0541,,,,,,,,,,,,,,,,,,,,,,,,,
3093,2021-12-16 03:00:00,0.0,0.0,0.06905,,,,,,,,,,,,,,,,,,,,,,,,,
3240,2021-12-16 03:30:00,0.0,0.0,0.0556,,,,,,,,,,,,,,,,,,,,,,,,,
3241,2021-12-16 04:00:00,0.0,0.0,0.07175,,,,,,,,,,,,,,,,,,,,,,,,,
3242,2021-12-16 04:30:00,0.0,0.0,0.05385,,,,,,,,,,,,,,,,,,,,,,,,,
3243,2021-12-16 05:00:00,0.0,0.0,0.06595,,,,,,,,,,,,,,,,,,,,,,,,,
3244,2021-12-16 05:30:00,0.0,0.0,0.0518,,,,,,,,,,,,,,,,,,,,,,,,,
3245,2021-12-16 06:00:00,0.0,0.0,0.0654,,,,,,,,,,,,,,,,,,,,,,,,,
3319,2021-12-16 06:30:00,0.0,0.0,0.05285,,,,,,,,,,,,,,,,,,,,,,,,,
3320,2021-12-16 07:00:00,0.0,0.0,0.0677,,,,,,,,,,,,,,,,,,,,,,,,,
3321,2021-12-16 07:30:00,0.045,0.1202,-0.0704,,,,,,,,,,,,,,,,,,,,,,,,,
3322,2021-12-16 08:00:00,0.14,0.3815,-0.11965,,,,,,,,,,,,,,,,,,,,,,,,,
3323,2021-12-16 08:30:00,0.235,0.6177,-0.3745,,,,,,,,,,,,,,,,,,,,,,,,,
3324,2021-12-16 09:00:00,0.425,0.72585,-0.54035,,,,,,,,,,,,,,,,,,,,,,,,,
3398,2021-12-16 09:30:00,0.49,0.87725,-0.7723,,,,,,,,,,,,,,,,,,,,,,,,,
3399,2021-12-16 10:00:00,0.625,1.08875,-0.9838,,,,,,,,,,,,,,,,,,,,,,,,,
3400,2021-12-16 10:30:00,0.66,1.2207,-1.1415,,,,,,,,,,,,,,,,,,,,,,,,,
3401,2021-12-16 11:00:00,0.725,1.2754,-1.18395,,,,,,,,,,,,,,,,,,,,,,,,,
3402,2021-12-16 11:30:00,0.745,1.2583,-1.15785,,,,,,,,,,,,,,,,,,,,,,,,,
3403,2021-12-16 12:00:00,0.895,1.2832,-1.19515,,,,,,,,,,,,,,,,,,,,,,,,,
3477,2021-12-16 12:30:00,0.88,1.26415,-1.1398,,,,,,,,,,,,,,,,,,,,,,,,,
3478,2021-12-16 13:00:00,0.855,1.23445,-1.13185,,,,,,,,,,,,,,,,,,,,,,,,,
3479,2021-12-16 13:30:00,0.81,1.1542,-1.07795,,,,,,,,,,,,,,,,,,,,,,,,,
3480,2021-12-16 14:00:00,0.72,1.04445,-0.95795,,,,,,,,,,,,,,,,,,,,,,,,,
3481,2021-12-16 14:30:00,0.645,0.92865,-0.8599,,,,,,,,,,,,,,,,,,,,,,,,,
3482,2021-12-16 15:00:00,0.495,0.70065,-0.63175,,,,,,,,,,,,,,,,,,,,,,,,,
3556,2021-12-16 15:30:00,0.305,0.26215,-0.1897,,,,,,,,,,,,,,,,,,,,,,,,,
3557,2021-12-16 16:00:00,0.21,0.0402,0.05745,,,,,,,,,,,,,,,,,,,,,,,,,
3558,2021-12-16 16:30:00,0.08,0.002,0.1,,,,,,,,,,,,,,,,,,,,,,,,,
3559,2021-12-16 17:00:00,0.015,0.0,0.151,,,,,,,,,,,,,,,,,,,,,,,,,
3560,2021-12-16 17:30:00,0.01,0.0,0.2047,,,,,,,,,,,,,,,,,,,,,,,,,
3561,2021-12-16 18:00:00,0.0,0.0,0.2306,,,,,,,,,,,,,,,,,,,,,,,,,
3635,2021-12-16 18:30:00,0.0,0.0,0.3043,,,,,,,,,,,,,,,,,,,,,,,,,
3636,2021-12-16 19:00:00,0.0,0.0,0.21715,,,,,,,,,,,,,,,,,,,,,,,,,
3637,2021-12-16 19:30:00,0.0,0.0,0.15745,,,,,,,,,,,,,,,,,,,,,,,,,
3638,2021-12-16 20:00:00,0.0,0.0,0.16475,,,,,,,,,,,,,,,,,,,,,,,,,
3639,2021-12-16 20:30:00,0.0,0.0,0.15845,,,,,,,,,,,,,,,,,,,,,,,,,
3640,2021-12-16 21:00:00,0.0,0.0,0.1473,,,,,,,,,,,,,,,,,,,,,,,,,
3714,2021-12-16 21:30:00,0.0,0.0,0.1448,,,,,,,,,,,,,,,,,,,,,,,,,
3715,2021-12-16 22:00:00,0.0,0.0,0.15145,,,,,,,,,,,,,,,,,,,,,,,,,
3716,2021-12-16 22:30:00,0.0,0.0,0.14235,,,,,,,,,,,,,,,,,,,,,,,,,
3717,2021-12-16 23:00:00,0.0,0.0,0.17715,,,,,,,,,,,,,,,,,,,,,,,,,
3718,2021-12-16 23:30:00,0.0,0.0,0.18785,,,,,,,,,,,,,,,,,,,,,,,,,
3719,2021-12-17 00:00:00,0.0,0.0,0.09235,,,,,,,,,,,,,,,,,,,,,,,,,
3881,2021-12-17 00:30:00,0.0,0.0,0.0893,,,,,,,,,,,,,,,,,,,,,,,,,
3882,2021-12-17 01:00:00,0.0,0.0,0.07875,,,,,,,,,,,,,,,,,,,,,,,,,
3883,2021-12-17 01:30:00,0.0,0.0,0.08715,,,,,,,,,,,,,,,,,,,,,,,,,
3884,2021-12-17 02:00:00,0.0,0.0,0.06915,,,,,,,,,,,,,,,,,,,,,,,,,
3885,2021-12-17 02:30:00,0.0,0.0,0.08385,,,,,,,,,,,,,,,,,,,,,,,,,
3886,2021-12-17 03:00:00,0.0,0.0,0.06485,,,,,,,,,,,,,,,,,,,,,,,,,
3960,2021-12-17 03:30:00,0.0,0.0,0.08485,,,,,,,,,,,,,,,,,,,,,,,,,
3961,2021-12-17 04:00:00,0.0,0.0,0.06055,,,,,,,,,,,,,,,,,,,,,,,,,
3962,2021-12-17 04:30:00,0.0,0.0,0.0769,,,,,,,,,,,,,,,,,,,,,,,,,
3963,2021-12-17 05:00:00,0.0,0.0,0.05915,,,,,,,,,,,,,,,,,,,,,,,,,
3964,2021-12-17 05:30:00,0.0,0.0,0.07645,,,,,,,,,,,,,,,,,,,,,,,,,
3965,2021-12-17 06:00:00,0.0,0.0,0.05915,,,,,,,,,,,,,,,,,,,,,,,,,
4039,2021-12-17 06:30:00,0.0,0.0,0.07545,,,,,,,,,,,,,,,,,,,,,,,,,
4040,2021-12-17 07:00:00,0.0,0.0,0.06015,,,,,,,,,,,,,,,,,,,,,,,,,
4041,2021-12-17 07:30:00,0.01,0.0,0.07575,,,,,,,,,,,,,,,,,,,,,,,,,
4042,2021-12-17 08:00:00,0.015,0.0,0.06415,,,,,,,,,,,,,,,,,,,,,,,,,
4043,2021-12-17 08:30:00,0.02,0.0,0.31315,,,,,,,,,,,,,,,,,,,,,,,,,
4044,2021-12-17 09:00:00,0.025,0.0,0.1745,,,,,,,,,,,,,,,,,,,,,,,,,
4118,2021-12-17 09:30:00,0.09,0.0682,0.0877,,,,,,,,,,,,,,,,,,,,,,,,,
4119,2021-12-17 10:00:00,0.21,0.0788,0.10145,,,,,,,,,,,,,,,,,,,,,,,,,
4120,2021-12-17 10:30:00,0.3,0.1471,0.0599,,,,,,,,,,,,,,,,,,,,,,,,,
4121,2021-12-17 11:00:00,0.475,0.1787,0.00535,,,,,,,,,,,,,,,,,,,,,,,,,
4122,2021-12-17 11:30:00,0.545,0.5228,-0.3144,,,,,,,,,,,,,,,,,,,,,,,,,
4123,2021-12-17 12:00:00,0.64,0.7016,-0.5399,,,,,,,,,,,,,,,,,,,,,,,,,
4197,2021-12-17 12:30:00,0.66,0.66825,-0.4853,,,,,,,,,,,,,,,,,,,,,,,,,
4198,2021-12-17 13:00:00,0.7,0.8064,-0.62735,,,,,,,,,,,,,,,,,,,,,,,,,
4199,2021-12-17 13:30:00,0.655,1.24265,-1.0786,,,,,,,,,,,,,,,,,,,,,,,,,
4200,2021-12-17 14:00:00,0.565,1.00495,-0.78965,,,,,,,,,,,,,,,,,,,,,,,,,
4201,2021-12-17 14:30:00,0.52,0.97985,-0.82295,,,,,,,,,,,,,,,,,,,,,,,,,
4202,2021-12-17 15:00:00,0.43,0.7469,-0.56195,,,,,,,,,,,,,,,,,,,,,,,,,
4276,2021-12-17 15:30:00,0.28,0.49805,-0.36715,,,,,,,,,,,,,,,,,,,,,,,,,
4277,2021-12-17 16:00:00,0.2,0.2825,-0.1852,,,,,,,,,,,,,,,,,,,,,,,,,
4278,2021-12-17 16:30:00,0.075,0.06275,0.08245,,,,,,,,,,,,,,,,,,,,,,,,,
4279,2021-12-17 17:00:00,0.015,0.0,0.24495,,,,,,,,,,,,,,,,,,,,,,,,,
4280,2021-12-17 17:30:00,0.01,0.0,0.186,,,,,,,,,,,,,,,,,,,,,,,,,
4281,2021-12-17 18:00:00,0.0,0.0,0.1756,,,,,,,,,,,,,,,,,,,,,,,,,
4355,2021-12-17 18:30:00,0.0,0.0,0.1635,,,,,,,,,,,,,,,,,,,,,,,,,
4356,2021-12-17 19:00:00,0.0,0.0,0.2422,,,,,,,,,,,,,,,,,,,,,,,,,
4357,2021-12-17 19:30:00,0.0,0.0,0.21495,,,,,,,,,,,,,,,,,,,,,,,,,
4358,2021-12-17 20:00:00,0.0,0.0,0.18785,,,,,,,,,,,,,,,,,,,,,,,,,
4359,2021-12-17 20:30:00,0.0,0.0,0.18025,,,,,,,,,,,,,,,,,,,,,,,,,
4360,2021-12-17 21:00:00,0.0,0.0,0.1967,,,,,,,,,,,,,,,,,,,,,,,,,
4434,2021-12-17 21:30:00,0.0,0.0,0.18755,,,,,,,,,,,,,,,,,,,,,,,,,
4435,2021-12-17 22:00:00,0.0,0.0,0.18375,,,,,,,,,,,,,,,,,,,,,,,,,
4436,2021-12-17 22:30:00,0.0,,,,,,,,,,,,,,,,,,,,,,,,,,,
4437,2021-12-17 23:00:00,0.0,,,,,,,,,,,,,,,,,,,,,,,,,,,
4438,2021-12-17 23:30:00,0.0,,,,,,,,,,,,,,,,,,,,,,,,,,,
4439,2021-12-18 00:00:00,0.0,,,,,,,,,,,,,,,,,,,,,,,,,,,
4513,2021-12-18 00:30:00,0.0,,,,,,,,,,,,,,,,,,,,,,,,,,,
4514,2021-12-18 01:00:00,0.0,,,,,,,,,,,,,,,,,,,,,,,,,,,
4515,2021-12-18 01:30:00,0.0,,,,,,,,,,,,,,,,,,,,,,,,,,,
4516,2021-12-18 02:00:00,0.0,,,,,,,,,,,,,,,,,,,,,,,,,,,
4517,2021-12-18 02:30:00,0.0,,,,,,,,,,,,,,,,,,,,,,,,,,,
4518,2021-12-18 03:00:00,0.0,,,,,,,,,,,,,,,,,,,,,,,,,,,
4592,2021-12-18 03:30:00,0.0,,,,,,,,,,,,,,,,,,,,,,,,,,,
4593,2021-12-18 04:00:00,0.0,,,,,,,,,,,,,,,,,,,,,,,,,,,
4594,2021-12-18 04:30:00,0.0,,,,,,,,,,,,,,,,,,,,,,,,,,,
4595,2021-12-18 05:00:00,0.0,,,,,,,,,,,,,,,,,,,,,,,,,,,
4596,2021-12-18 05:30:00,0.0,,,,,,,,,,,,,,,,,,,,,,,,,,,
4597,2021-12-18 06:00:00,0.0,,,,,,,,,,,,,,,,,,,,,,,,,,,
4671,2021-12-18 06:30:00,0.0,,,,,,,,,,,,,,,,,,,,,,,,,,,
4672,2021-12-18 07:00:00,0.0,,,,,,,,,,,,,,,,,,,,,,,,,,,
4673,2021-12-18 07:30:00,0.095,,,,,,,,,,,,,,,,,,,,,,,,,,,
4674,2021-12-18 08:00:00,0.145,,,,,,,,,,,,,,,,,,,,,,,,,,,
4675,2021-12-18 08:30:00,0.245,,,,,,,,,,,,,,,,,,,,,,,,,,,
4676,2021-12-18 09:00:00,0.45,,,,,,,,,,,,,,,,,,,,,,,,,,,
4750,2021-12-18 09:30:00,0.53,,,,,,,,,,,,,,,,,,,,,,,,,,,
4751,2021-12-18 10:00:00,0.695,,,,,,,,,,,,,,,,,,,,,,,,,,,
4752,2021-12-18 10:30:00,0.755,,,,,,,,,,,,,,,,,,,,,,,,,,,
4753,2021-12-18 11:00:00,0.865,,,,,,,,,,,,,,,,,,,,,,,,,,,
4754,2021-12-18 11:30:00,0.885,,,,,,,,,,,,,,,,,,,,,,,,,,,
4755,2021-12-18 12:00:00,0.93,,,,,,,,,,,,,,,,,,,,,,,,,,,
4829,2021-12-18 12:30:00,0.92,,,,,,,,,,,,,,,,,,,,,,,,,,,
4830,2021-12-18 13:00:00,0.895,,,,,,,,,,,,,,,,,,,,,,,,,,,
4831,2021-12-18 13:30:00,0.85,,,,,,,,,,,,,,,,,,,,,,,,,,,
4832,2021-12-18 14:00:00,0.755,,,,,,,,,,,,,,,,,,,,,,,,,,,
4833,2021-12-18 14:30:00,0.6,,,,,,,,,,,,,,,,,,,,,,,,,,,
4834,2021-12-18 15:00:00,0.525,,,,,,,,,,,,,,,,,,,,,,,,,,,
4908,2021-12-18 15:30:00,0.335,,,,,,,,,,,,,,,,,,,,,,,,,,,
4909,2021-12-18 16:00:00,0.24,,,,,,,,,,,,,,,,,,,,,,,,,,,
4910,2021-12-18 16:30:00,0.09,,,,,,,,,,,,,,,,,,,,,,,,,,,
4911,2021-12-18 17:00:00,0.015,,,,,,,,,,,,,,,,,,,,,,,,,,,
4912,2021-12-18 17:30:00,0.005,,,,,,,,,,,,,,,,,,,,,,,,,,,
4913,2021-12-18 18:00:00,0.0,,,,,,,,,,,,,,,,,,,,,,,,,,,
4987,2021-12-18 18:30:00,0.0,,,,,,,,,,,,,,,,,,,,,,,,,,,
4988,2021-12-18 19:00:00,0.0,,,,,,,,,,,,,,,,,,,,,,,,,,,
4989,2021-12-18 19:30:00,0.0,,,,,,,,,,,,,,,,,,,,,,,,,,,
4990,2021-12-18 20:00:00,0.0,,,,,,,,,,,,,,,,,,,,,,,,,,,
4991,2021-12-18 20:30:00,0.0,,,,,,,,,,,,,,,,,,,,,,,,,,,
4992,2021-12-18 21:00:00,0.0,,,,,,,,,,,,,,,,,,,,,,,,,,,
5066,2021-12-18 21:30:00,0.0,,,,,,,,,,,,,,,,,,,,,,,,,,,
5067,2021-12-18 22:00:00,0.0,,,,,,,,,,,,,,,,,,,,,,,,,,,
5068,2021-12-18 22:30:00,0.0,,,,,,,,,,,,,,,,,,,,,,,,,,,
5069,2021-12-18 23:00:00,0.0,,,,,,,,,,,,,,,,,,,,,,,,,,,
5070,2021-12-18 23:30:00,0.0,,,,,,,,,,,,,,,,,,,,,,,,,,,
5071,2021-12-19 00:00:00,0.0,,,,,,,,,,,,,,,,,,,,,,,,,,,
5145,2021-12-19 00:30:00,0.0,,,,,,,,,,,,,,,,,,,,,,,,,,,
5146,2021-12-19 01:00:00,0.0,,,,,,,,,,,,,,,,,,,,,,,,,,,
5147,2021-12-19 01:30:00,0.0,,,,,,,,,,,,,,,,,,,,,,,,,,,
5148,2021-12-19 02:00:00,0.0,,,,,,,,,,,,,,,,,,,,,,,,,,,
5149,2021-12-19 02:30:00,0.0,,,,,,,,,,,,,,,,,,,,,,,,,,,
5150,2021-12-19 03:00:00,0.0,,,,,,,,,,,,,,,,,,,,,,,,,,,
5224,2021-12-19 03:30:00,0.0,,,,,,,,,,,,,,,,,,,,,,,,,,,
5225,2021-12-19 04:00:00,0.0,,,,,,,,,,,,,,,,,,,,,,,,,,,
5226,2021-12-19 04:30:00,0.0,,,,,,,,,,,,,,,,,,,,,,,,,,,
5227,2021-12-19 05:00:00,0.0,,,,,,,,,,,,,,,,,,,,,,,,,,,
5228,2021-12-19 05:30:00,0.0,,,,,,,,,,,,,,,,,,,,,,,,,,,
5229,2021-12-19 06:00:00,0.0,,,,,,,,,,,,,,,,,,,,,,,,,,,
5303,2021-12-19 06:30:00,0.0,,,,,,,,,,,,,,,,,,,,,,,,,,,
5304,2021-12-19 07:00:00,0.0,,,,,,,,,,,,,,,,,,,,,,,,,,,
5305,2021-12-19 07:30:00,0.045,,,,,,,,,,,,,,,,,,,,,,,,,,,
5306,2021-12-19 08:00:00,0.14,,,,,,,,,,,,,,,,,,,,,,,,,,,
5307,2021-12-19 08:30:00,0.24,,,,,,,,,,,,,,,,,,,,,,,,,,,
5308,2021-12-19 09:00:00,0.44,,,,,,,,,,,,,,,,,,,,,,,,,,,
